,stock_id,time_id,target
0,stock_id=0,5,0
1,stock_id=0,11,1
2,stock_id=0,16,0
3,stock_id=0,31,0
4,stock_id=0,62,0
5,stock_id=0,72,0
6,stock_id=0,97,0
7,stock_id=0,103,0
8,stock_id=0,109,0
9,stock_id=0,123,0
10,stock_id=0,128,0
11,stock_id=0,146,0
12,stock_id=0,147,0
13,stock_id=0,152,0
14,stock_id=0,157,0
15,stock_id=0,159,1
16,stock_id=0,169,0
17,stock_id=0,207,0
18,stock_id=0,211,1
19,stock_id=0,213,1
20,stock_id=0,218,0
21,stock_id=0,227,0
22,stock_id=0,229,0
23,stock_id=0,232,0
24,stock_id=0,250,0
25,stock_id=0,254,0
26,stock_id=0,256,0
27,stock_id=0,266,0
28,stock_id=0,273,0
29,stock_id=0,289,0
30,stock_id=0,297,1
31,stock_id=0,303,0
32,stock_id=0,309,1
33,stock_id=0,310,1
34,stock_id=0,317,0
35,stock_id=0,319,0
36,stock_id=0,325,0
37,stock_id=0,326,0
38,stock_id=0,335,0
39,stock_id=0,337,0
40,stock_id=0,358,0
41,stock_id=0,371,0
42,stock_id=0,373,0
43,stock_id=0,380,1
44,stock_id=0,381,0
45,stock_id=0,411,0
46,stock_id=0,420,0
47,stock_id=0,424,0
48,stock_id=0,427,0
49,stock_id=0,436,0
50,stock_id=0,438,0
51,stock_id=0,454,1
52,stock_id=0,465,0
53,stock_id=0,468,0
54,stock_id=0,487,0
55,stock_id=0,493,0
56,stock_id=0,506,0
57,stock_id=0,535,0
58,stock_id=0,536,0
59,stock_id=0,539,0
60,stock_id=0,545,1
61,stock_id=0,554,0
62,stock_id=0,568,1
63,stock_id=0,579,0
64,stock_id=0,589,0
65,stock_id=0,591,0
66,stock_id=0,595,0
67,stock_id=0,611,0
68,stock_id=0,618,0
69,stock_id=0,627,0
70,stock_id=0,633,0
71,stock_id=0,640,0
72,stock_id=0,646,1
73,stock_id=0,650,0
74,stock_id=0,652,0
75,stock_id=0,659,0
76,stock_id=0,675,1
77,stock_id=0,697,0
78,stock_id=0,709,0
79,stock_id=0,725,0
80,stock_id=0,728,0
81,stock_id=0,735,0
82,stock_id=0,745,0
83,stock_id=0,746,0
84,stock_id=0,748,1
85,stock_id=0,753,0
86,stock_id=0,785,0
87,stock_id=0,817,1
88,stock_id=0,840,1
89,stock_id=0,841,0
90,stock_id=0,852,0
91,stock_id=0,854,0
92,stock_id=0,868,0
93,stock_id=0,886,1
94,stock_id=0,895,0
95,stock_id=0,904,1
96,stock_id=0,908,0
97,stock_id=0,947,0
98,stock_id=0,951,1
99,stock_id=0,957,0
100,stock_id=0,969,1
101,stock_id=0,985,0
102,stock_id=0,991,1
103,stock_id=0,1000,1
104,stock_id=0,1011,0
105,stock_id=0,1016,1
106,stock_id=0,1020,0
107,stock_id=0,1022,0
108,stock_id=0,1028,0
109,stock_id=0,1037,0
110,stock_id=0,1040,0
111,stock_id=0,1057,0
112,stock_id=0,1063,0
113,stock_id=0,1070,1
114,stock_id=0,1075,1
115,stock_id=0,1100,0
116,stock_id=0,1107,0
117,stock_id=0,1119,0
118,stock_id=0,1125,0
119,stock_id=0,1128,0
120,stock_id=0,1135,0
121,stock_id=0,1142,0
122,stock_id=0,1149,1
123,stock_id=0,1158,1
124,stock_id=0,1161,0
125,stock_id=0,1173,0
126,stock_id=0,1176,0
127,stock_id=0,1178,0
128,stock_id=0,1191,0
129,stock_id=0,1198,0
130,stock_id=0,1205,0
131,stock_id=0,1209,0
132,stock_id=0,1213,0
133,stock_id=0,1215,0
134,stock_id=0,1219,0
135,stock_id=0,1227,1
136,stock_id=0,1235,1
137,stock_id=0,1239,1
138,stock_id=0,1242,0
139,stock_id=0,1247,0
140,stock_id=0,1249,0
141,stock_id=0,1255,0
142,stock_id=0,1264,0
143,stock_id=0,1269,1
144,stock_id=0,1273,1
145,stock_id=0,1274,0
146,stock_id=0,1280,0
147,stock_id=0,1289,0
148,stock_id=0,1291,0
149,stock_id=0,1292,0
150,stock_id=0,1302,0
151,stock_id=0,1310,0
152,stock_id=0,1321,1
153,stock_id=0,1322,1
154,stock_id=0,1326,0
155,stock_id=0,1348,0
156,stock_id=0,1350,1
157,stock_id=0,1359,0
158,stock_id=0,1363,0
159,stock_id=0,1365,1
160,stock_id=0,1377,1
161,stock_id=0,1380,0
162,stock_id=0,1392,0
163,stock_id=0,1404,0
164,stock_id=0,1408,0
165,stock_id=0,1416,1
166,stock_id=0,1417,0
167,stock_id=0,1427,0
168,stock_id=0,1430,0
169,stock_id=0,1433,1
170,stock_id=0,1459,0
171,stock_id=0,1462,0
172,stock_id=0,1463,0
173,stock_id=0,1464,0
174,stock_id=0,1468,0
175,stock_id=0,1471,1
176,stock_id=0,1477,1
177,stock_id=0,1481,0
178,stock_id=0,1501,0
179,stock_id=0,1513,0
180,stock_id=0,1521,0
181,stock_id=0,1524,1
182,stock_id=0,1529,1
183,stock_id=0,1532,0
184,stock_id=0,1536,0
185,stock_id=0,1541,1
186,stock_id=0,1544,0
187,stock_id=0,1551,0
188,stock_id=0,1563,0
189,stock_id=0,1565,0
190,stock_id=0,1581,1
191,stock_id=0,1587,0
192,stock_id=0,1600,0
193,stock_id=0,1640,0
194,stock_id=0,1651,0
195,stock_id=0,1658,0
196,stock_id=0,1663,1
197,stock_id=0,1674,0
198,stock_id=0,1676,0
199,stock_id=0,1688,0
200,stock_id=0,1707,1
201,stock_id=0,1712,0
202,stock_id=0,1719,0
203,stock_id=0,1722,1
204,stock_id=0,1728,1
205,stock_id=0,1744,0
206,stock_id=0,1747,0
207,stock_id=0,1761,0
208,stock_id=0,1787,0
209,stock_id=0,1789,0
210,stock_id=0,1797,0
211,stock_id=0,1810,0
212,stock_id=0,1813,1
213,stock_id=0,1816,0
214,stock_id=0,1820,0
215,stock_id=0,1822,1
216,stock_id=0,1823,0
217,stock_id=0,1826,1
218,stock_id=0,1827,0
219,stock_id=0,1841,1
220,stock_id=0,1862,0
221,stock_id=0,1866,0
222,stock_id=0,1870,0
223,stock_id=0,1875,0
224,stock_id=0,1876,0
225,stock_id=0,1879,0
226,stock_id=0,1890,0
227,stock_id=0,1904,0
228,stock_id=0,1909,0
229,stock_id=0,1920,0
230,stock_id=0,1923,0
231,stock_id=0,1930,1
232,stock_id=0,1938,0
233,stock_id=0,1946,0
234,stock_id=0,1948,0
235,stock_id=0,1956,0
236,stock_id=0,1962,1
237,stock_id=0,1980,0
238,stock_id=0,1981,0
239,stock_id=0,1991,0
240,stock_id=0,1998,1
241,stock_id=0,2000,0
242,stock_id=0,2006,0
243,stock_id=0,2010,1
244,stock_id=0,2014,1
245,stock_id=0,2018,0
246,stock_id=0,2027,0
247,stock_id=0,2037,0
248,stock_id=0,2046,1
249,stock_id=0,2058,0
250,stock_id=0,2075,0
251,stock_id=0,2076,0
252,stock_id=0,2077,0
253,stock_id=0,2085,0
254,stock_id=0,2086,1
255,stock_id=0,2088,1
256,stock_id=0,2102,0
257,stock_id=0,2104,1
258,stock_id=0,2109,0
259,stock_id=0,2117,1
260,stock_id=0,2118,0
261,stock_id=0,2119,0
262,stock_id=0,2125,0
263,stock_id=0,2136,0
264,stock_id=0,2139,1
265,stock_id=0,2146,0
266,stock_id=0,2169,0
267,stock_id=0,2170,0
268,stock_id=0,2172,0
269,stock_id=0,2174,0
270,stock_id=0,2178,1
271,stock_id=0,2181,0
272,stock_id=0,2183,0
273,stock_id=0,2184,0
274,stock_id=0,2185,0
275,stock_id=0,2193,0
276,stock_id=0,2196,0
277,stock_id=0,2197,0
278,stock_id=0,2199,0
279,stock_id=0,2213,0
280,stock_id=0,2219,0
281,stock_id=0,2239,1
282,stock_id=0,2254,0
283,stock_id=0,2259,0
284,stock_id=0,2267,0
285,stock_id=0,2293,1
286,stock_id=0,2303,1
287,stock_id=0,2312,1
288,stock_id=0,2329,0
289,stock_id=0,2331,0
290,stock_id=0,2353,0
291,stock_id=0,2366,0
292,stock_id=0,2374,0
293,stock_id=0,2385,0
294,stock_id=0,2390,0
295,stock_id=0,2392,0
296,stock_id=0,2410,0
297,stock_id=0,2415,0
298,stock_id=0,2424,0
299,stock_id=0,2433,1
300,stock_id=0,2436,0
301,stock_id=0,2439,1
302,stock_id=0,2440,0
303,stock_id=0,2444,0
304,stock_id=0,2447,0
305,stock_id=0,2458,0
306,stock_id=0,2463,0
307,stock_id=0,2466,1
308,stock_id=0,2468,0
309,stock_id=0,2479,0
310,stock_id=0,2489,0
311,stock_id=0,2491,0
312,stock_id=0,2502,0
313,stock_id=0,2507,0
314,stock_id=0,2510,1
315,stock_id=0,2525,0
316,stock_id=0,2534,0
317,stock_id=0,2545,0
318,stock_id=0,2553,1
319,stock_id=0,2559,1
320,stock_id=0,2566,0
321,stock_id=0,2567,1
322,stock_id=0,2568,1
323,stock_id=0,2573,1
324,stock_id=0,2582,0
325,stock_id=0,2591,1
326,stock_id=0,2593,0
327,stock_id=0,2600,0
328,stock_id=0,2631,1
329,stock_id=0,2643,0
330,stock_id=0,2644,0
331,stock_id=0,2656,1
332,stock_id=0,2657,1
333,stock_id=0,2659,1
334,stock_id=0,2683,0
335,stock_id=0,2709,0
336,stock_id=0,2711,0
337,stock_id=0,2717,0
338,stock_id=0,2718,0
339,stock_id=0,2740,1
340,stock_id=0,2748,0
341,stock_id=0,2758,0
342,stock_id=0,2772,0
343,stock_id=0,2780,0
344,stock_id=0,2782,0
345,stock_id=0,2803,1
346,stock_id=0,2811,0
347,stock_id=0,2826,0
348,stock_id=0,2833,0
349,stock_id=0,2844,0
350,stock_id=0,2846,0
351,stock_id=0,2867,0
352,stock_id=0,2876,1
353,stock_id=0,2881,1
354,stock_id=0,2883,0
355,stock_id=0,2891,1
356,stock_id=0,2892,0
357,stock_id=0,2893,0
358,stock_id=0,2902,0
359,stock_id=0,2903,0
360,stock_id=0,2908,1
361,stock_id=0,2917,1
362,stock_id=0,2929,0
363,stock_id=0,2932,0
364,stock_id=0,2946,0
365,stock_id=0,2956,0
366,stock_id=0,2969,0
367,stock_id=0,2979,0
368,stock_id=0,2982,0
369,stock_id=0,2992,0
370,stock_id=0,2999,0
371,stock_id=0,3001,0
372,stock_id=0,3002,1
373,stock_id=0,3008,1
374,stock_id=0,3009,1
375,stock_id=0,3012,1
376,stock_id=0,3017,1
377,stock_id=0,3025,1
378,stock_id=0,3029,0
379,stock_id=0,3033,0
380,stock_id=0,3044,1
381,stock_id=0,3046,0
382,stock_id=0,3069,0
383,stock_id=0,3092,0
384,stock_id=0,3098,1
385,stock_id=0,3108,0
386,stock_id=0,3113,1
387,stock_id=0,3123,0
388,stock_id=0,3130,0
389,stock_id=0,3135,1
390,stock_id=0,3138,0
391,stock_id=0,3146,1
392,stock_id=0,3152,0
393,stock_id=0,3154,0
394,stock_id=0,3160,0
395,stock_id=0,3179,0
396,stock_id=0,3187,0
397,stock_id=0,3211,1
398,stock_id=0,3223,0
399,stock_id=0,3233,0
400,stock_id=0,3270,1
401,stock_id=0,3280,0
402,stock_id=0,3291,0
403,stock_id=0,3318,1
404,stock_id=0,3322,0
405,stock_id=0,3323,0
406,stock_id=0,3327,0
407,stock_id=0,3328,0
408,stock_id=0,3333,0
409,stock_id=0,3367,0
410,stock_id=0,3373,1
411,stock_id=0,3378,0
412,stock_id=0,3381,0
413,stock_id=0,3384,1
414,stock_id=0,3389,0
415,stock_id=0,3396,0
416,stock_id=0,3399,0
417,stock_id=0,3404,0
418,stock_id=0,3406,1
419,stock_id=0,3414,0
420,stock_id=0,3427,0
421,stock_id=0,3431,0
422,stock_id=0,3445,0
423,stock_id=0,3457,1
424,stock_id=0,3465,0
425,stock_id=0,3469,0
426,stock_id=0,3484,0
427,stock_id=0,3486,0
428,stock_id=0,3513,1
429,stock_id=0,3516,0
430,stock_id=0,3531,0
431,stock_id=0,3536,0
432,stock_id=0,3552,1
433,stock_id=0,3564,0
434,stock_id=0,3567,0
435,stock_id=0,3580,0
436,stock_id=0,3587,1
437,stock_id=0,3596,0
438,stock_id=0,3601,0
439,stock_id=0,3607,0
440,stock_id=0,3622,0
441,stock_id=0,3626,0
442,stock_id=0,3640,0
443,stock_id=0,3650,0
444,stock_id=0,3655,0
445,stock_id=0,3660,0
446,stock_id=0,3661,0
447,stock_id=0,3668,1
448,stock_id=0,3685,1
449,stock_id=0,3686,0
450,stock_id=0,3694,0
451,stock_id=0,3703,0
452,stock_id=0,3711,1
453,stock_id=0,3720,0
454,stock_id=0,3721,0
455,stock_id=0,3732,1
456,stock_id=0,3735,0
457,stock_id=0,3737,0
458,stock_id=0,3758,0
459,stock_id=0,3762,0
460,stock_id=0,3797,0
461,stock_id=0,3804,1
462,stock_id=0,3836,1
463,stock_id=0,3846,0
464,stock_id=0,3877,0
465,stock_id=0,3884,0
466,stock_id=0,3886,0
467,stock_id=0,3908,1
468,stock_id=0,3921,0
469,stock_id=0,3922,1
470,stock_id=0,3931,0
471,stock_id=0,3955,0
472,stock_id=0,3957,0
473,stock_id=0,3961,1
474,stock_id=0,3962,1
475,stock_id=0,3974,0
476,stock_id=0,3987,0
477,stock_id=0,3999,0
478,stock_id=0,4004,0
479,stock_id=0,4013,1
480,stock_id=0,4027,0
481,stock_id=0,4031,0
482,stock_id=0,4032,0
483,stock_id=0,4034,0
484,stock_id=0,4037,1
485,stock_id=0,4038,0
486,stock_id=0,4043,0
487,stock_id=0,4052,1
488,stock_id=0,4060,1
489,stock_id=0,4067,0
490,stock_id=0,4069,0
491,stock_id=0,4071,0
492,stock_id=0,4072,0
493,stock_id=0,4075,0
494,stock_id=0,4079,0
495,stock_id=0,4084,0
496,stock_id=0,4089,0
497,stock_id=0,4091,0
498,stock_id=0,4103,0
499,stock_id=0,4106,0
500,stock_id=0,4131,0
501,stock_id=0,4132,1
502,stock_id=0,4138,0
503,stock_id=0,4140,0
504,stock_id=0,4142,0
505,stock_id=0,4155,0
506,stock_id=0,4156,0
507,stock_id=0,4158,0
508,stock_id=0,4159,0
509,stock_id=0,4173,1
510,stock_id=0,4186,0
511,stock_id=0,4193,1
512,stock_id=0,4201,0
513,stock_id=0,4209,0
514,stock_id=0,4219,0
515,stock_id=0,4226,0
516,stock_id=0,4257,0
517,stock_id=0,4264,0
518,stock_id=0,4265,0
519,stock_id=0,4266,0
520,stock_id=0,4275,0
521,stock_id=0,4293,0
522,stock_id=0,4294,1
523,stock_id=0,4302,0
524,stock_id=0,4310,0
525,stock_id=0,4318,0
526,stock_id=0,4329,0
527,stock_id=0,4361,0
528,stock_id=0,4364,1
529,stock_id=0,4367,1
530,stock_id=0,4371,0
531,stock_id=0,4377,0
532,stock_id=0,4385,0
533,stock_id=0,4388,0
534,stock_id=0,4400,0
535,stock_id=0,4403,0
536,stock_id=0,4414,0
537,stock_id=0,4431,0
538,stock_id=0,4432,0
539,stock_id=0,4449,0
540,stock_id=0,4457,0
541,stock_id=0,4460,0
542,stock_id=0,4470,0
543,stock_id=0,4477,0
544,stock_id=0,4479,1
545,stock_id=0,4487,0
546,stock_id=0,4489,0
547,stock_id=0,4493,0
548,stock_id=0,4518,0
549,stock_id=0,4543,1
550,stock_id=0,4547,0
551,stock_id=0,4555,0
552,stock_id=0,4557,1
553,stock_id=0,4560,1
554,stock_id=0,4570,0
555,stock_id=0,4571,1
556,stock_id=0,4587,1
557,stock_id=0,4588,1
558,stock_id=0,4601,0
559,stock_id=0,4603,0
560,stock_id=0,4613,0
561,stock_id=0,4615,0
562,stock_id=0,4616,0
563,stock_id=0,4618,0
564,stock_id=0,4622,0
565,stock_id=0,4627,1
566,stock_id=0,4630,0
567,stock_id=0,4649,0
568,stock_id=0,4654,0
569,stock_id=0,4661,0
570,stock_id=0,4667,0
571,stock_id=0,4690,0
572,stock_id=0,4695,1
573,stock_id=0,4707,0
574,stock_id=0,4713,0
575,stock_id=0,4714,0
576,stock_id=0,4723,0
577,stock_id=0,4724,0
578,stock_id=0,4737,0
579,stock_id=0,4739,0
580,stock_id=0,4743,0
581,stock_id=0,4746,0
582,stock_id=0,4754,0
583,stock_id=0,4762,0
584,stock_id=0,4774,0
585,stock_id=0,4787,1
586,stock_id=0,4797,0
587,stock_id=0,4817,0
588,stock_id=0,4844,0
589,stock_id=0,4849,0
590,stock_id=0,4850,0
591,stock_id=0,4851,1
592,stock_id=0,4858,1
593,stock_id=0,4867,0
594,stock_id=0,4869,0
595,stock_id=0,4889,1
596,stock_id=0,4902,1
597,stock_id=0,4905,0
598,stock_id=0,4910,0
599,stock_id=0,4913,0
600,stock_id=0,4927,0
601,stock_id=0,4935,0
602,stock_id=0,4951,0
603,stock_id=0,4957,0
604,stock_id=0,4958,0
605,stock_id=0,4962,1
606,stock_id=0,4978,0
607,stock_id=0,4984,0
608,stock_id=0,4987,0
609,stock_id=0,4991,1
610,stock_id=0,4995,0
611,stock_id=0,4997,0
612,stock_id=0,5020,0
613,stock_id=0,5025,0
614,stock_id=0,5032,0
615,stock_id=0,5046,0
616,stock_id=0,5056,0
617,stock_id=0,5063,0
618,stock_id=0,5101,1
619,stock_id=0,5113,1
620,stock_id=0,5118,0
621,stock_id=0,5124,0
622,stock_id=0,5139,0
623,stock_id=0,5141,0
624,stock_id=0,5149,0
625,stock_id=0,5152,1
626,stock_id=0,5153,0
627,stock_id=0,5163,0
628,stock_id=0,5164,1
629,stock_id=0,5171,0
630,stock_id=0,5173,1
631,stock_id=0,5193,0
632,stock_id=0,5206,0
633,stock_id=0,5213,0
634,stock_id=0,5218,1
635,stock_id=0,5232,0
636,stock_id=0,5235,1
637,stock_id=0,5239,0
638,stock_id=0,5245,1
639,stock_id=0,5249,0
640,stock_id=0,5266,0
641,stock_id=0,5285,0
642,stock_id=0,5297,0
643,stock_id=0,5300,0
644,stock_id=0,5302,0
645,stock_id=0,5303,1
646,stock_id=0,5305,0
647,stock_id=0,5314,1
648,stock_id=0,5340,0
649,stock_id=0,5344,0
650,stock_id=0,5347,1
651,stock_id=0,5356,0
652,stock_id=0,5368,0
653,stock_id=0,5391,0
654,stock_id=0,5392,0
655,stock_id=0,5400,0
656,stock_id=0,5401,0
657,stock_id=0,5407,0
658,stock_id=0,5417,0
659,stock_id=0,5421,0
660,stock_id=0,5424,1
661,stock_id=0,5425,0
662,stock_id=0,5444,0
663,stock_id=0,5458,1
664,stock_id=0,5470,1
665,stock_id=0,5480,1
666,stock_id=0,5488,0
667,stock_id=0,5490,0
668,stock_id=0,5496,0
669,stock_id=0,5497,0
670,stock_id=0,5505,1
671,stock_id=0,5510,0
672,stock_id=0,5512,0
673,stock_id=0,5513,0
674,stock_id=0,5517,0
675,stock_id=0,5532,0
676,stock_id=0,5539,0
677,stock_id=0,5580,0
678,stock_id=0,5598,1
679,stock_id=0,5601,0
680,stock_id=0,5609,0
681,stock_id=0,5611,0
682,stock_id=0,5620,0
683,stock_id=0,5629,0
684,stock_id=0,5648,0
685,stock_id=0,5658,0
686,stock_id=0,5663,0
687,stock_id=0,5666,1
688,stock_id=0,5667,0
689,stock_id=0,5676,1
690,stock_id=0,5678,0
691,stock_id=0,5682,1
692,stock_id=0,5686,0
693,stock_id=0,5704,0
694,stock_id=0,5706,0
695,stock_id=0,5728,1
696,stock_id=0,5729,0
697,stock_id=0,5743,0
698,stock_id=0,5749,0
699,stock_id=0,5756,1
700,stock_id=0,5759,0
701,stock_id=0,5763,0
702,stock_id=0,5773,0
703,stock_id=0,5777,1
704,stock_id=0,5787,0
705,stock_id=0,5790,0
706,stock_id=0,5793,0
707,stock_id=0,5795,0
708,stock_id=0,5803,0
709,stock_id=0,5809,0
710,stock_id=0,5816,0
711,stock_id=0,5817,0
712,stock_id=0,5825,0
713,stock_id=0,5829,0
714,stock_id=0,5831,0
715,stock_id=0,5832,1
716,stock_id=0,5842,0
717,stock_id=0,5846,0
718,stock_id=0,5853,0
719,stock_id=0,5872,0
720,stock_id=0,5878,1
721,stock_id=0,5904,0
722,stock_id=0,5907,0
723,stock_id=0,5910,1
724,stock_id=0,5913,0
725,stock_id=0,5915,0
726,stock_id=0,5916,0
727,stock_id=0,5929,0
728,stock_id=0,5932,0
729,stock_id=0,5934,0
730,stock_id=0,5944,0
731,stock_id=0,5958,0
732,stock_id=0,5975,0
733,stock_id=0,5976,0
734,stock_id=0,5978,0
735,stock_id=0,5987,0
736,stock_id=0,6016,0
737,stock_id=0,6020,0
738,stock_id=0,6029,1
739,stock_id=0,6065,1
740,stock_id=0,6068,1
741,stock_id=0,6070,1
742,stock_id=0,6074,0
743,stock_id=0,6076,0
744,stock_id=0,6082,0
745,stock_id=0,6085,1
746,stock_id=0,6089,0
747,stock_id=0,6102,0
748,stock_id=0,6108,0
749,stock_id=0,6114,0
750,stock_id=0,6115,1
751,stock_id=0,6121,0
752,stock_id=0,6134,0
753,stock_id=0,6139,0
754,stock_id=0,6144,1
755,stock_id=0,6145,0
756,stock_id=0,6166,1
757,stock_id=0,6172,0
758,stock_id=0,6174,0
759,stock_id=0,6177,0
760,stock_id=0,6197,0
761,stock_id=0,6213,0
762,stock_id=0,6217,0
763,stock_id=0,6235,0
764,stock_id=0,6256,0
765,stock_id=0,6270,0
766,stock_id=0,6272,1
767,stock_id=0,6274,0
768,stock_id=0,6286,1
769,stock_id=0,6287,0
770,stock_id=0,6296,0
771,stock_id=0,6316,0
772,stock_id=0,6324,1
773,stock_id=0,6325,1
774,stock_id=0,6342,0
775,stock_id=0,6356,0
776,stock_id=0,6359,0
777,stock_id=0,6367,1
778,stock_id=0,6382,0
779,stock_id=0,6390,0
780,stock_id=0,6398,0
781,stock_id=0,6403,0
782,stock_id=0,6410,0
783,stock_id=0,6428,1
784,stock_id=0,6434,0
785,stock_id=0,6445,0
786,stock_id=0,6463,0
787,stock_id=0,6476,0
788,stock_id=0,6480,0
789,stock_id=0,6481,0
790,stock_id=0,6482,0
791,stock_id=0,6483,0
792,stock_id=0,6489,0
793,stock_id=0,6493,1
794,stock_id=0,6494,0
795,stock_id=0,6520,0
796,stock_id=0,6523,0
797,stock_id=0,6528,0
798,stock_id=0,6545,0
799,stock_id=0,6562,0
800,stock_id=0,6566,0
801,stock_id=0,6568,1
802,stock_id=0,6585,0
803,stock_id=0,6592,0
804,stock_id=0,6599,0
805,stock_id=0,6607,0
806,stock_id=0,6613,1
807,stock_id=0,6617,0
808,stock_id=0,6619,0
809,stock_id=0,6626,0
810,stock_id=0,6631,0
811,stock_id=0,6632,0
812,stock_id=0,6643,0
813,stock_id=0,6647,0
814,stock_id=0,6648,0
815,stock_id=0,6657,0
816,stock_id=0,6668,0
817,stock_id=0,6679,0
818,stock_id=0,6693,1
819,stock_id=0,6696,0
820,stock_id=0,6723,1
821,stock_id=0,6729,0
822,stock_id=0,6730,1
823,stock_id=0,6740,0
824,stock_id=0,6742,0
825,stock_id=0,6746,0
826,stock_id=0,6771,0
827,stock_id=0,6777,0
828,stock_id=0,6782,0
829,stock_id=0,6799,1
830,stock_id=0,6809,0
831,stock_id=0,6815,1
832,stock_id=0,6819,0
833,stock_id=0,6820,1
834,stock_id=0,6822,1
835,stock_id=0,6823,0
836,stock_id=0,6827,0
837,stock_id=0,6836,1
838,stock_id=0,6846,0
839,stock_id=0,6850,1
840,stock_id=0,6854,0
841,stock_id=0,6859,1
842,stock_id=0,6895,0
843,stock_id=0,6904,1
844,stock_id=0,6906,0
845,stock_id=0,6909,1
846,stock_id=0,6914,0
847,stock_id=0,6917,1
848,stock_id=0,6925,0
849,stock_id=0,6928,0
850,stock_id=0,6930,0
851,stock_id=0,6931,0
852,stock_id=0,6932,1
853,stock_id=0,6939,0
854,stock_id=0,6940,0
855,stock_id=0,6941,0
856,stock_id=0,6944,0
857,stock_id=0,6961,0
858,stock_id=0,6965,1
859,stock_id=0,6976,0
860,stock_id=0,6979,0
861,stock_id=0,6999,0
862,stock_id=0,7005,0
863,stock_id=0,7008,0
864,stock_id=0,7009,0
865,stock_id=0,7013,1
866,stock_id=0,7014,0
867,stock_id=0,7028,0
868,stock_id=0,7041,0
869,stock_id=0,7043,0
870,stock_id=0,7051,0
871,stock_id=0,7054,0
872,stock_id=0,7055,0
873,stock_id=0,7107,0
874,stock_id=0,7122,0
875,stock_id=0,7124,0
876,stock_id=0,7133,0
877,stock_id=0,7150,0
878,stock_id=0,7151,0
879,stock_id=0,7162,0
880,stock_id=0,7180,0
881,stock_id=0,7194,0
882,stock_id=0,7195,0
883,stock_id=0,7200,1
884,stock_id=0,7212,1
885,stock_id=0,7213,1
886,stock_id=0,7217,0
887,stock_id=0,7219,1
888,stock_id=0,7237,0
889,stock_id=0,7245,0
890,stock_id=0,7249,0
891,stock_id=0,7251,1
892,stock_id=0,7258,0
893,stock_id=0,7260,0
894,stock_id=0,7261,0
895,stock_id=0,7270,1
896,stock_id=0,7277,0
897,stock_id=0,7309,1
898,stock_id=0,7310,0
899,stock_id=0,7316,0
900,stock_id=0,7322,0
901,stock_id=0,7333,0
902,stock_id=0,7343,0
903,stock_id=0,7367,0
904,stock_id=0,7369,0
905,stock_id=0,7373,0
906,stock_id=0,7374,0
907,stock_id=0,7418,0
908,stock_id=0,7444,0
909,stock_id=0,7447,1
910,stock_id=0,7458,1
911,stock_id=0,7460,0
912,stock_id=0,7465,0
913,stock_id=0,7467,1
914,stock_id=0,7478,0
915,stock_id=0,7491,0
916,stock_id=0,7512,0
917,stock_id=0,7517,0
918,stock_id=0,7518,0
919,stock_id=0,7545,1
920,stock_id=0,7548,0
921,stock_id=0,7564,0
922,stock_id=0,7566,0
923,stock_id=0,7567,0
924,stock_id=0,7572,1
925,stock_id=0,7593,0
926,stock_id=0,7621,1
927,stock_id=0,7624,1
928,stock_id=0,7629,0
929,stock_id=0,7632,0
930,stock_id=0,7653,0
931,stock_id=0,7666,0
932,stock_id=0,7668,0
933,stock_id=0,7674,1
934,stock_id=0,7675,0
935,stock_id=0,7677,0
936,stock_id=0,7679,1
937,stock_id=0,7686,0
938,stock_id=0,7709,1
939,stock_id=0,7714,0
940,stock_id=0,7716,0
941,stock_id=0,7743,1
942,stock_id=0,7745,0
943,stock_id=0,7747,0
944,stock_id=0,7752,0
945,stock_id=0,7758,1
946,stock_id=0,7759,0
947,stock_id=0,7764,0
948,stock_id=0,7775,0
949,stock_id=0,7783,0
950,stock_id=0,7799,0
951,stock_id=0,7811,0
952,stock_id=0,7818,0
953,stock_id=0,7821,0
954,stock_id=0,7837,0
955,stock_id=0,7843,0
956,stock_id=0,7845,1
957,stock_id=0,7854,1
958,stock_id=0,7864,1
959,stock_id=0,7874,1
960,stock_id=0,7882,0
961,stock_id=0,7883,0
962,stock_id=0,7884,0
963,stock_id=0,7885,1
964,stock_id=0,7897,1
965,stock_id=0,7909,1
966,stock_id=0,7921,0
967,stock_id=0,7992,0
968,stock_id=0,8009,0
969,stock_id=0,8011,1
970,stock_id=0,8014,1
971,stock_id=0,8016,0
972,stock_id=0,8032,1
973,stock_id=0,8044,0
974,stock_id=0,8068,0
975,stock_id=0,8070,0
976,stock_id=0,8081,1
977,stock_id=0,8085,0
978,stock_id=0,8101,0
979,stock_id=0,8104,0
980,stock_id=0,8109,1
981,stock_id=0,8117,0
982,stock_id=0,8168,0
983,stock_id=0,8186,1
984,stock_id=0,8190,0
985,stock_id=0,8191,0
986,stock_id=0,8192,0
987,stock_id=0,8196,1
988,stock_id=0,8205,0
989,stock_id=0,8211,0
990,stock_id=0,8219,0
991,stock_id=0,8222,0
992,stock_id=0,8224,0
993,stock_id=0,8256,0
994,stock_id=0,8271,1
995,stock_id=0,8298,0
996,stock_id=0,8331,0
997,stock_id=0,8346,1
998,stock_id=0,8353,1
999,stock_id=0,8357,0
1000,stock_id=0,8360,0
1001,stock_id=0,8365,0
1002,stock_id=0,8408,0
1003,stock_id=0,8426,0
1004,stock_id=0,8435,0
1005,stock_id=0,8441,0
1006,stock_id=0,8442,0
1007,stock_id=0,8447,0
1008,stock_id=0,8448,0
1009,stock_id=0,8454,0
1010,stock_id=0,8459,0
1011,stock_id=0,8476,0
1012,stock_id=0,8481,1
1013,stock_id=0,8518,0
1014,stock_id=0,8524,1
1015,stock_id=0,8534,1
1016,stock_id=0,8546,0
1017,stock_id=0,8554,0
1018,stock_id=0,8573,1
1019,stock_id=0,8583,0
1020,stock_id=0,8585,0
1021,stock_id=0,8587,1
1022,stock_id=0,8590,0
1023,stock_id=0,8607,1
1024,stock_id=0,8611,0
1025,stock_id=0,8613,1
1026,stock_id=0,8615,1
1027,stock_id=0,8618,0
1028,stock_id=0,8623,0
1029,stock_id=0,8636,0
1030,stock_id=0,8647,0
1031,stock_id=0,8652,0
1032,stock_id=0,8659,0
1033,stock_id=0,8661,0
1034,stock_id=0,8662,1
1035,stock_id=0,8664,1
1036,stock_id=0,8665,0
1037,stock_id=0,8667,0
1038,stock_id=0,8675,0
1039,stock_id=0,8676,0
1040,stock_id=0,8696,1
1041,stock_id=0,8702,0
1042,stock_id=0,8706,0
1043,stock_id=0,8708,0
1044,stock_id=0,8718,1
1045,stock_id=0,8721,0
1046,stock_id=0,8744,0
1047,stock_id=0,8747,0
1048,stock_id=0,8749,1
1049,stock_id=0,8750,1
1050,stock_id=0,8753,0
1051,stock_id=0,8763,0
1052,stock_id=0,8773,0
1053,stock_id=0,8776,0
1054,stock_id=0,8779,0
1055,stock_id=0,8797,0
1056,stock_id=0,8822,0
1057,stock_id=0,8825,0
1058,stock_id=0,8840,0
1059,stock_id=0,8859,0
1060,stock_id=0,8891,0
1061,stock_id=0,8913,0
1062,stock_id=0,8918,0
1063,stock_id=0,8934,1
1064,stock_id=0,8937,0
1065,stock_id=0,8938,0
1066,stock_id=0,8950,0
1067,stock_id=0,8974,0
1068,stock_id=0,8978,0
1069,stock_id=0,9000,0
1070,stock_id=0,9001,0
1071,stock_id=0,9021,1
1072,stock_id=0,9028,1
1073,stock_id=0,9030,0
1074,stock_id=0,9037,1
1075,stock_id=0,9038,0
1076,stock_id=0,9060,1
1077,stock_id=0,9064,0
1078,stock_id=0,9067,0
1079,stock_id=0,9072,0
1080,stock_id=0,9076,0
1081,stock_id=0,9077,0
1082,stock_id=0,9091,0
1083,stock_id=0,9096,0
1084,stock_id=0,9100,1
1085,stock_id=0,9114,0
1086,stock_id=0,9123,0
1087,stock_id=0,9138,0
1088,stock_id=0,9146,0
1089,stock_id=0,9153,1
1090,stock_id=0,9160,0
1091,stock_id=0,9164,0
1092,stock_id=0,9166,0
1093,stock_id=0,9186,0
1094,stock_id=0,9190,0
1095,stock_id=0,9194,0
1096,stock_id=0,9198,1
1097,stock_id=0,9201,0
1098,stock_id=0,9205,1
1099,stock_id=0,9207,0
1100,stock_id=0,9208,0
1101,stock_id=0,9215,1
1102,stock_id=0,9219,0
1103,stock_id=0,9222,0
1104,stock_id=0,9243,0
1105,stock_id=0,9248,0
1106,stock_id=0,9266,0
1107,stock_id=0,9275,0
1108,stock_id=0,9279,1
1109,stock_id=0,9281,1
1110,stock_id=0,9282,1
1111,stock_id=0,9285,0
1112,stock_id=0,9289,0
1113,stock_id=0,9300,1
1114,stock_id=0,9302,0
1115,stock_id=0,9311,0
1116,stock_id=0,9312,0
1117,stock_id=0,9329,0
1118,stock_id=0,9343,0
1119,stock_id=0,9350,1
1120,stock_id=0,9352,0
1121,stock_id=0,9367,1
1122,stock_id=0,9377,0
1123,stock_id=0,9381,0
1124,stock_id=0,9396,0
1125,stock_id=0,9427,0
1126,stock_id=0,9431,0
1127,stock_id=0,9438,0
1128,stock_id=0,9445,0
1129,stock_id=0,9448,0
1130,stock_id=0,9456,0
1131,stock_id=0,9465,0
1132,stock_id=0,9493,0
1133,stock_id=0,9496,0
1134,stock_id=0,9501,0
1135,stock_id=0,9518,0
1136,stock_id=0,9557,0
1137,stock_id=0,9564,0
1138,stock_id=0,9583,1
1139,stock_id=0,9606,0
1140,stock_id=0,9610,1
1141,stock_id=0,9633,0
1142,stock_id=0,9640,0
1143,stock_id=0,9659,0
1144,stock_id=0,9664,0
1145,stock_id=0,9665,0
1146,stock_id=0,9674,0
1147,stock_id=0,9687,0
1148,stock_id=0,9694,0
1149,stock_id=0,9700,0
1150,stock_id=0,9720,0
1151,stock_id=0,9735,0
1152,stock_id=0,9737,1
1153,stock_id=0,9748,0
1154,stock_id=0,9752,0
1155,stock_id=0,9759,0
1156,stock_id=0,9770,1
1157,stock_id=0,9779,0
1158,stock_id=0,9787,0
1159,stock_id=0,9797,0
1160,stock_id=0,9819,0
1161,stock_id=0,9822,0
1162,stock_id=0,9846,0
1163,stock_id=0,9862,0
1164,stock_id=0,9866,1
1165,stock_id=0,9869,0
1166,stock_id=0,9885,0
1167,stock_id=0,9887,0
1168,stock_id=0,9889,0
1169,stock_id=0,9890,0
1170,stock_id=0,9914,0
1171,stock_id=0,9918,0
1172,stock_id=0,9932,0
1173,stock_id=0,9935,0
1174,stock_id=0,9936,1
1175,stock_id=0,9940,1
1176,stock_id=0,9947,1
1177,stock_id=0,9960,0
1178,stock_id=0,9967,0
1179,stock_id=0,9970,1
1180,stock_id=0,9972,0
1181,stock_id=0,9973,0
1182,stock_id=0,9976,1
1183,stock_id=0,9988,0
1184,stock_id=0,9993,1
1185,stock_id=0,10000,1
1186,stock_id=0,10005,0
1187,stock_id=0,10017,0
1188,stock_id=0,10030,0
1189,stock_id=0,10035,0
1190,stock_id=0,10040,0
1191,stock_id=0,10042,0
1192,stock_id=0,10045,1
1193,stock_id=0,10070,0
1194,stock_id=0,10071,0
1195,stock_id=0,10072,1
1196,stock_id=0,10081,0
1197,stock_id=0,10088,0
1198,stock_id=0,10100,0
1199,stock_id=0,10105,1
1200,stock_id=0,10111,0
1201,stock_id=0,10113,1
1202,stock_id=0,10123,0
1203,stock_id=0,10135,0
1204,stock_id=0,10150,0
1205,stock_id=0,10163,1
1206,stock_id=0,10171,0
1207,stock_id=0,10186,1
1208,stock_id=0,10191,0
1209,stock_id=0,10206,0
1210,stock_id=0,10209,0
1211,stock_id=0,10220,1
1212,stock_id=0,10230,1
1213,stock_id=0,10243,0
1214,stock_id=0,10250,0
1215,stock_id=0,10262,0
1216,stock_id=0,10264,1
1217,stock_id=0,10291,1
1218,stock_id=0,10311,0
1219,stock_id=0,10321,0
1220,stock_id=0,10326,0
1221,stock_id=0,10336,0
1222,stock_id=0,10339,0
1223,stock_id=0,10349,0
1224,stock_id=0,10364,0
1225,stock_id=0,10369,0
1226,stock_id=0,10389,0
1227,stock_id=0,10403,0
1228,stock_id=0,10421,0
1229,stock_id=0,10433,0
1230,stock_id=0,10448,0
1231,stock_id=0,10450,1
1232,stock_id=0,10455,0
1233,stock_id=0,10460,0
1234,stock_id=0,10461,0
1235,stock_id=0,10480,1
1236,stock_id=0,10488,0
1237,stock_id=0,10491,0
1238,stock_id=0,10494,1
1239,stock_id=0,10523,0
1240,stock_id=0,10530,0
1241,stock_id=0,10546,1
1242,stock_id=0,10547,1
1243,stock_id=0,10554,0
1244,stock_id=0,10559,1
1245,stock_id=0,10561,0
1246,stock_id=0,10572,0
1247,stock_id=0,10590,0
1248,stock_id=0,10604,0
1249,stock_id=0,10608,1
1250,stock_id=0,10610,0
1251,stock_id=0,10616,0
1252,stock_id=0,10619,0
1253,stock_id=0,10628,0
1254,stock_id=0,10633,1
1255,stock_id=0,10642,1
1256,stock_id=0,10661,0
1257,stock_id=0,10669,1
1258,stock_id=0,10672,1
1259,stock_id=0,10682,0
1260,stock_id=0,10688,0
1261,stock_id=0,10689,0
1262,stock_id=0,10701,0
1263,stock_id=0,10702,0
1264,stock_id=0,10703,0
1265,stock_id=0,10708,1
1266,stock_id=0,10709,0
1267,stock_id=0,10725,0
1268,stock_id=0,10726,0
1269,stock_id=0,10734,0
1270,stock_id=0,10745,0
1271,stock_id=0,10751,0
1272,stock_id=0,10765,0
1273,stock_id=0,10767,1
1274,stock_id=0,10776,0
1275,stock_id=0,10779,1
1276,stock_id=0,10781,0
1277,stock_id=0,10789,0
1278,stock_id=0,10793,1
1279,stock_id=0,10796,1
1280,stock_id=0,10806,0
1281,stock_id=0,10810,0
1282,stock_id=0,10816,0
1283,stock_id=0,10827,0
1284,stock_id=0,10840,0
1285,stock_id=0,10849,1
1286,stock_id=0,10856,0
1287,stock_id=0,10890,0
1288,stock_id=0,10892,0
1289,stock_id=0,10898,0
1290,stock_id=0,10899,1
1291,stock_id=0,10929,1
1292,stock_id=0,10932,0
1293,stock_id=0,10934,1
1294,stock_id=0,10938,1
1295,stock_id=0,10941,1
1296,stock_id=0,10946,0
1297,stock_id=0,10949,0
1298,stock_id=0,10956,0
1299,stock_id=0,10964,0
1300,stock_id=0,10969,1
1301,stock_id=0,10985,1
1302,stock_id=0,10987,1
1303,stock_id=0,10994,0
1304,stock_id=0,11007,0
1305,stock_id=0,11035,1
1306,stock_id=0,11041,0
1307,stock_id=0,11043,0
1308,stock_id=0,11048,0
1309,stock_id=0,11052,0
1310,stock_id=0,11054,0
1311,stock_id=0,11056,0
1312,stock_id=0,11059,1
1313,stock_id=0,11060,0
1314,stock_id=0,11062,0
1315,stock_id=0,11070,1
1316,stock_id=0,11081,0
1317,stock_id=0,11090,0
1318,stock_id=0,11096,0
1319,stock_id=0,11111,1
1320,stock_id=0,11113,0
1321,stock_id=0,11120,0
1322,stock_id=0,11121,1
1323,stock_id=0,11122,0
1324,stock_id=0,11137,1
1325,stock_id=0,11143,0
1326,stock_id=0,11151,1
1327,stock_id=0,11152,0
1328,stock_id=0,11178,0
1329,stock_id=0,11184,0
1330,stock_id=0,11199,0
1331,stock_id=0,11227,0
1332,stock_id=0,11243,0
1333,stock_id=0,11248,0
1334,stock_id=0,11263,0
1335,stock_id=0,11264,1
1336,stock_id=0,11279,0
1337,stock_id=0,11296,0
1338,stock_id=0,11303,0
1339,stock_id=0,11318,1
1340,stock_id=0,11325,1
1341,stock_id=0,11327,0
1342,stock_id=0,11330,0
1343,stock_id=0,11351,0
1344,stock_id=0,11363,0
1345,stock_id=0,11367,0
1346,stock_id=0,11374,0
1347,stock_id=0,11375,0
1348,stock_id=0,11389,1
1349,stock_id=0,11393,0
1350,stock_id=0,11405,1
1351,stock_id=0,11415,1
1352,stock_id=0,11419,0
1353,stock_id=0,11431,0
1354,stock_id=0,11433,0
1355,stock_id=0,11440,0
1356,stock_id=0,11449,1
1357,stock_id=0,11453,0
1358,stock_id=0,11475,1
1359,stock_id=0,11481,0
1360,stock_id=0,11487,0
1361,stock_id=0,11490,0
1362,stock_id=0,11497,1
1363,stock_id=0,11499,0
1364,stock_id=0,11501,0
1365,stock_id=0,11504,0
1366,stock_id=0,11508,1
1367,stock_id=0,11511,1
1368,stock_id=0,11541,1
1369,stock_id=0,11559,0
1370,stock_id=0,11577,0
1371,stock_id=0,11579,1
1372,stock_id=0,11589,1
1373,stock_id=0,11597,0
1374,stock_id=0,11607,1
1375,stock_id=0,11639,1
1376,stock_id=0,11641,0
1377,stock_id=0,11642,0
1378,stock_id=0,11655,0
1379,stock_id=0,11682,0
1380,stock_id=0,11686,0
1381,stock_id=0,11689,1
1382,stock_id=0,11700,1
1383,stock_id=0,11715,0
1384,stock_id=0,11718,0
1385,stock_id=0,11722,0
1386,stock_id=0,11726,1
1387,stock_id=0,11729,0
1388,stock_id=0,11730,1
1389,stock_id=0,11735,0
1390,stock_id=0,11749,0
1391,stock_id=0,11750,0
1392,stock_id=0,11764,1
1393,stock_id=0,11775,0
1394,stock_id=0,11786,1
1395,stock_id=0,11792,1
1396,stock_id=0,11804,0
1397,stock_id=0,11809,1
1398,stock_id=0,11812,0
1399,stock_id=0,11844,1
1400,stock_id=0,11852,0
1401,stock_id=0,11860,0
1402,stock_id=0,11864,1
1403,stock_id=0,11868,0
1404,stock_id=0,11869,0
1405,stock_id=0,11872,0
1406,stock_id=0,11874,0
1407,stock_id=0,11876,0
1408,stock_id=0,11886,0
1409,stock_id=0,11887,1
1410,stock_id=0,11893,0
1411,stock_id=0,11898,0
1412,stock_id=0,11899,1
1413,stock_id=0,11904,0
1414,stock_id=0,11914,0
1415,stock_id=0,11920,0
1416,stock_id=0,11940,0
1417,stock_id=0,11941,0
1418,stock_id=0,11952,0
1419,stock_id=0,11953,0
1420,stock_id=0,11959,0
1421,stock_id=0,11962,0
1422,stock_id=0,11981,1
1423,stock_id=0,11985,0
1424,stock_id=0,11987,1
1425,stock_id=0,11994,0
1426,stock_id=0,11995,0
1427,stock_id=0,12011,0
1428,stock_id=0,12012,0
1429,stock_id=0,12021,0
1430,stock_id=0,12028,0
1431,stock_id=0,12030,0
1432,stock_id=0,12061,0
1433,stock_id=0,12065,0
1434,stock_id=0,12073,1
1435,stock_id=0,12079,1
1436,stock_id=0,12102,0
1437,stock_id=0,12103,0
1438,stock_id=0,12111,0
1439,stock_id=0,12114,0
1440,stock_id=0,12115,0
1441,stock_id=0,12131,0
1442,stock_id=0,12135,1
1443,stock_id=0,12139,0
1444,stock_id=0,12141,0
1445,stock_id=0,12147,1
1446,stock_id=0,12151,0
1447,stock_id=0,12163,0
1448,stock_id=0,12166,0
1449,stock_id=0,12176,0
1450,stock_id=0,12178,0
1451,stock_id=0,12182,0
1452,stock_id=0,12206,0
1453,stock_id=0,12222,0
1454,stock_id=0,12225,0
1455,stock_id=0,12229,0
1456,stock_id=0,12234,0
1457,stock_id=0,12247,0
1458,stock_id=0,12250,1
1459,stock_id=0,12254,0
1460,stock_id=0,12266,0
1461,stock_id=0,12279,1
1462,stock_id=0,12287,1
1463,stock_id=0,12291,1
1464,stock_id=0,12299,0
1465,stock_id=0,12309,1
1466,stock_id=0,12322,0
1467,stock_id=0,12324,0
1468,stock_id=0,12347,0
1469,stock_id=0,12348,0
1470,stock_id=0,12352,1
1471,stock_id=0,12358,0
1472,stock_id=0,12395,0
1473,stock_id=0,12399,0
1474,stock_id=0,12408,0
1475,stock_id=0,12411,0
1476,stock_id=0,12419,0
1477,stock_id=0,12420,0
1478,stock_id=0,12423,1
1479,stock_id=0,12428,0
1480,stock_id=0,12436,0
1481,stock_id=0,12437,0
1482,stock_id=0,12444,1
1483,stock_id=0,12465,1
1484,stock_id=0,12481,1
1485,stock_id=0,12486,1
1486,stock_id=0,12494,0
1487,stock_id=0,12498,0
1488,stock_id=0,12521,0
1489,stock_id=0,12523,0
1490,stock_id=0,12531,0
1491,stock_id=0,12532,0
1492,stock_id=0,12533,0
1493,stock_id=0,12535,1
1494,stock_id=0,12537,0
1495,stock_id=0,12542,1
1496,stock_id=0,12546,1
1497,stock_id=0,12552,1
1498,stock_id=0,12559,0
1499,stock_id=0,12577,0
1500,stock_id=0,12579,0
1501,stock_id=0,12581,0
1502,stock_id=0,12583,0
1503,stock_id=0,12584,1
1504,stock_id=0,12585,0
1505,stock_id=0,12588,0
1506,stock_id=0,12611,1
1507,stock_id=0,12633,1
1508,stock_id=0,12661,1
1509,stock_id=0,12666,1
1510,stock_id=0,12669,0
1511,stock_id=0,12676,1
1512,stock_id=0,12691,0
1513,stock_id=0,12694,0
1514,stock_id=0,12703,0
1515,stock_id=0,12704,0
1516,stock_id=0,12713,0
1517,stock_id=0,12717,0
1518,stock_id=0,12718,1
1519,stock_id=0,12726,0
1520,stock_id=0,12728,1
1521,stock_id=0,12730,0
1522,stock_id=0,12751,0
1523,stock_id=0,12758,0
1524,stock_id=0,12760,1
1525,stock_id=0,12780,0
1526,stock_id=0,12782,0
1527,stock_id=0,12794,0
1528,stock_id=0,12797,1
1529,stock_id=0,12822,0
1530,stock_id=0,12834,1
1531,stock_id=0,12839,0
1532,stock_id=0,12840,0
1533,stock_id=0,12852,0
1534,stock_id=0,12859,0
1535,stock_id=0,12878,0
1536,stock_id=0,12904,1
1537,stock_id=0,12905,0
1538,stock_id=0,12920,1
1539,stock_id=0,12923,1
1540,stock_id=0,12930,1
1541,stock_id=0,12935,0
1542,stock_id=0,12945,0
1543,stock_id=0,12949,0
1544,stock_id=0,12957,1
1545,stock_id=0,12963,1
1546,stock_id=0,12964,0
1547,stock_id=0,12965,0
1548,stock_id=0,12981,0
1549,stock_id=0,12987,0
1550,stock_id=0,12991,0
1551,stock_id=0,12996,0
1552,stock_id=0,12998,0
1553,stock_id=0,13010,0
1554,stock_id=0,13018,0
1555,stock_id=0,13019,0
1556,stock_id=0,13028,0
1557,stock_id=0,13039,0
1558,stock_id=0,13044,0
1559,stock_id=0,13071,0
1560,stock_id=0,13096,0
1561,stock_id=0,13097,0
1562,stock_id=0,13102,1
1563,stock_id=0,13124,1
1564,stock_id=0,13140,0
1565,stock_id=0,13148,1
1566,stock_id=0,13150,0
1567,stock_id=0,13159,0
1568,stock_id=0,13160,1
1569,stock_id=0,13163,0
1570,stock_id=0,13180,0
1571,stock_id=0,13187,1
1572,stock_id=0,13196,1
1573,stock_id=0,13207,0
1574,stock_id=0,13217,1
1575,stock_id=0,13235,0
1576,stock_id=0,13240,0
1577,stock_id=0,13241,1
1578,stock_id=0,13269,0
1579,stock_id=0,13276,0
1580,stock_id=0,13279,1
1581,stock_id=0,13294,0
1582,stock_id=0,13302,0
1583,stock_id=0,13305,0
1584,stock_id=0,13316,0
1585,stock_id=0,13318,1
1586,stock_id=0,13321,0
1587,stock_id=0,13324,1
1588,stock_id=0,13328,0
1589,stock_id=0,13350,0
1590,stock_id=0,13354,0
1591,stock_id=0,13362,0
1592,stock_id=0,13368,0
1593,stock_id=0,13377,1
1594,stock_id=0,13382,1
1595,stock_id=0,13393,0
1596,stock_id=0,13394,0
1597,stock_id=0,13398,0
1598,stock_id=0,13410,0
1599,stock_id=0,13417,1
1600,stock_id=0,13421,1
1601,stock_id=0,13425,0
1602,stock_id=0,13432,0
1603,stock_id=0,13436,0
1604,stock_id=0,13451,0
1605,stock_id=0,13452,1
1606,stock_id=0,13473,1
1607,stock_id=0,13480,1
1608,stock_id=0,13484,0
1609,stock_id=0,13488,0
1610,stock_id=0,13491,0
1611,stock_id=0,13495,0
1612,stock_id=0,13500,0
1613,stock_id=0,13501,0
1614,stock_id=0,13503,1
1615,stock_id=0,13513,0
1616,stock_id=0,13514,0
1617,stock_id=0,13523,0
1618,stock_id=0,13529,0
1619,stock_id=0,13531,0
1620,stock_id=0,13533,1
1621,stock_id=0,13552,0
1622,stock_id=0,13560,0
1623,stock_id=0,13567,0
1624,stock_id=0,13579,0
1625,stock_id=0,13586,1
1626,stock_id=0,13594,0
1627,stock_id=0,13595,0
1628,stock_id=0,13598,0
1629,stock_id=0,13599,0
1630,stock_id=0,13602,0
1631,stock_id=0,13614,0
1632,stock_id=0,13626,0
1633,stock_id=0,13627,0
1634,stock_id=0,13643,1
1635,stock_id=0,13646,0
1636,stock_id=0,13650,1
1637,stock_id=0,13655,0
1638,stock_id=0,13662,0
1639,stock_id=0,13663,0
1640,stock_id=0,13673,0
1641,stock_id=0,13678,0
1642,stock_id=0,13699,0
1643,stock_id=0,13707,0
1644,stock_id=0,13710,0
1645,stock_id=0,13720,0
1646,stock_id=0,13729,0
1647,stock_id=0,13735,0
1648,stock_id=0,13737,0
1649,stock_id=0,13745,0
1650,stock_id=0,13762,0
1651,stock_id=0,13763,0
1652,stock_id=0,13771,0
1653,stock_id=0,13775,0
1654,stock_id=0,13791,0
1655,stock_id=0,13792,1
1656,stock_id=0,13798,0
1657,stock_id=0,13821,0
1658,stock_id=0,13822,1
1659,stock_id=0,13838,0
1660,stock_id=0,13851,1
1661,stock_id=0,13857,0
1662,stock_id=0,13861,0
1663,stock_id=0,13868,0
1664,stock_id=0,13872,1
1665,stock_id=0,13880,0
1666,stock_id=0,13891,0
1667,stock_id=0,13900,0
1668,stock_id=0,13912,0
1669,stock_id=0,13920,0
1670,stock_id=0,13928,0
1671,stock_id=0,13936,0
1672,stock_id=0,13941,0
1673,stock_id=0,13948,0
1674,stock_id=0,13949,1
1675,stock_id=0,13960,0
1676,stock_id=0,13968,1
1677,stock_id=0,13971,0
1678,stock_id=0,13980,0
1679,stock_id=0,13983,0
1680,stock_id=0,13986,0
1681,stock_id=0,13989,0
1682,stock_id=0,14001,0
1683,stock_id=0,14004,0
1684,stock_id=0,14016,0
1685,stock_id=0,14021,0
1686,stock_id=0,14054,0
1687,stock_id=0,14061,0
1688,stock_id=0,14065,0
1689,stock_id=0,14070,0
1690,stock_id=0,14077,0
1691,stock_id=0,14079,0
1692,stock_id=0,14080,0
1693,stock_id=0,14088,0
1694,stock_id=0,14093,0
1695,stock_id=0,14105,0
1696,stock_id=0,14111,0
1697,stock_id=0,14125,0
1698,stock_id=0,14126,0
1699,stock_id=0,14169,0
1700,stock_id=0,14171,0
1701,stock_id=0,14176,0
1702,stock_id=0,14177,0
1703,stock_id=0,14183,0
1704,stock_id=0,14205,0
1705,stock_id=0,14215,0
1706,stock_id=0,14218,0
1707,stock_id=0,14234,0
1708,stock_id=0,14235,0
1709,stock_id=0,14243,0
1710,stock_id=0,14246,0
1711,stock_id=0,14247,1
1712,stock_id=0,14263,0
1713,stock_id=0,14273,1
1714,stock_id=0,14276,0
1715,stock_id=0,14278,1
1716,stock_id=0,14279,1
1717,stock_id=0,14280,0
1718,stock_id=0,14285,1
1719,stock_id=0,14297,0
1720,stock_id=0,14305,0
1721,stock_id=0,14311,1
1722,stock_id=0,14312,1
1723,stock_id=0,14316,0
1724,stock_id=0,14319,0
1725,stock_id=0,14326,1
1726,stock_id=0,14341,0
1727,stock_id=0,14350,1
1728,stock_id=0,14356,1
1729,stock_id=0,14361,0
1730,stock_id=0,14389,0
1731,stock_id=0,14416,1
1732,stock_id=0,14420,0
1733,stock_id=0,14422,0
1734,stock_id=0,14423,0
1735,stock_id=0,14435,0
1736,stock_id=0,14442,0
1737,stock_id=0,14445,0
1738,stock_id=0,14447,1
1739,stock_id=0,14449,1
1740,stock_id=0,14452,0
1741,stock_id=0,14464,0
1742,stock_id=0,14465,0
1743,stock_id=0,14476,0
1744,stock_id=0,14483,1
1745,stock_id=0,14487,0
1746,stock_id=0,14494,1
1747,stock_id=0,14501,0
1748,stock_id=0,14504,0
1749,stock_id=0,14510,0
1750,stock_id=0,14547,1
1751,stock_id=0,14549,0
1752,stock_id=0,14561,0
1753,stock_id=0,14564,0
1754,stock_id=0,14572,0
1755,stock_id=0,14573,0
1756,stock_id=0,14579,0
1757,stock_id=0,14582,0
1758,stock_id=0,14601,0
1759,stock_id=0,14619,0
1760,stock_id=0,14623,1
1761,stock_id=0,14629,0
1762,stock_id=0,14632,0
1763,stock_id=0,14635,0
1764,stock_id=0,14646,0
1765,stock_id=0,14648,0
1766,stock_id=0,14697,0
1767,stock_id=0,14714,0
1768,stock_id=0,14715,0
1769,stock_id=0,14721,1
1770,stock_id=0,14730,0
1771,stock_id=0,14733,1
1772,stock_id=0,14738,0
1773,stock_id=0,14740,0
1774,stock_id=0,14749,0
1775,stock_id=0,14751,0
1776,stock_id=0,14752,0
1777,stock_id=0,14754,0
1778,stock_id=0,14769,0
1779,stock_id=0,14795,0
1780,stock_id=0,14797,0
1781,stock_id=0,14800,1
1782,stock_id=0,14807,0
1783,stock_id=0,14809,1
1784,stock_id=0,14810,0
1785,stock_id=0,14813,0
1786,stock_id=0,14817,0
1787,stock_id=0,14836,1
1788,stock_id=0,14838,1
1789,stock_id=0,14842,0
1790,stock_id=0,14857,1
1791,stock_id=0,14866,1
1792,stock_id=0,14869,0
1793,stock_id=0,14886,1
1794,stock_id=0,14895,0
1795,stock_id=0,14897,0
1796,stock_id=0,14906,0
1797,stock_id=0,14908,0
1798,stock_id=0,14909,0
1799,stock_id=0,14912,0
1800,stock_id=0,14913,0
1801,stock_id=0,14916,0
1802,stock_id=0,14918,0
1803,stock_id=0,14924,0
1804,stock_id=0,14926,0
1805,stock_id=0,14928,0
1806,stock_id=0,14951,0
1807,stock_id=0,14970,0
1808,stock_id=0,14976,0
1809,stock_id=0,14977,1
1810,stock_id=0,14979,0
1811,stock_id=0,14982,0
1812,stock_id=0,14994,1
1813,stock_id=0,14995,0
1814,stock_id=0,15008,0
1815,stock_id=0,15010,0
1816,stock_id=0,15035,1
1817,stock_id=0,15038,0
1818,stock_id=0,15042,1
1819,stock_id=0,15048,0
1820,stock_id=0,15061,0
1821,stock_id=0,15063,1
1822,stock_id=0,15092,0
1823,stock_id=0,15122,0
1824,stock_id=0,15131,0
1825,stock_id=0,15132,0
1826,stock_id=0,15139,1
1827,stock_id=0,15147,0
1828,stock_id=0,15155,0
1829,stock_id=0,15163,0
1830,stock_id=0,15173,0
1831,stock_id=0,15176,1
1832,stock_id=0,15185,0
1833,stock_id=0,15186,0
1834,stock_id=0,15194,1
1835,stock_id=0,15209,0
1836,stock_id=0,15216,0
1837,stock_id=0,15239,0
1838,stock_id=0,15246,0
1839,stock_id=0,15269,0
1840,stock_id=0,15271,0
1841,stock_id=0,15276,0
1842,stock_id=0,15280,1
1843,stock_id=0,15288,1
1844,stock_id=0,15290,0
1845,stock_id=0,15291,0
1846,stock_id=0,15319,0
1847,stock_id=0,15335,0
1848,stock_id=0,15341,1
1849,stock_id=0,15344,0
1850,stock_id=0,15352,1
1851,stock_id=0,15353,1
1852,stock_id=0,15365,0
1853,stock_id=0,15388,0
1854,stock_id=0,15393,0
1855,stock_id=0,15400,0
1856,stock_id=0,15418,0
1857,stock_id=0,15433,0
1858,stock_id=0,15448,0
1859,stock_id=0,15462,0
1860,stock_id=0,15466,0
1861,stock_id=0,15486,0
1862,stock_id=0,15491,0
1863,stock_id=0,15499,0
1864,stock_id=0,15516,1
1865,stock_id=0,15517,0
1866,stock_id=0,15521,0
1867,stock_id=0,15525,0
1868,stock_id=0,15529,0
1869,stock_id=0,15535,1
1870,stock_id=0,15540,0
1871,stock_id=0,15547,1
1872,stock_id=0,15548,0
1873,stock_id=0,15568,0
1874,stock_id=0,15584,0
1875,stock_id=0,15586,0
1876,stock_id=0,15595,1
1877,stock_id=0,15599,0
1878,stock_id=0,15625,0
1879,stock_id=0,15627,0
1880,stock_id=0,15633,0
1881,stock_id=0,15637,0
1882,stock_id=0,15644,0
1883,stock_id=0,15647,0
1884,stock_id=0,15671,1
1885,stock_id=0,15685,0
1886,stock_id=0,15687,0
1887,stock_id=0,15689,1
1888,stock_id=0,15693,0
1889,stock_id=0,15697,1
1890,stock_id=0,15703,0
1891,stock_id=0,15706,0
1892,stock_id=0,15713,1
1893,stock_id=0,15715,0
1894,stock_id=0,15727,0
1895,stock_id=0,15728,0
1896,stock_id=0,15730,1
1897,stock_id=0,15742,0
1898,stock_id=0,15746,0
1899,stock_id=0,15750,1
1900,stock_id=0,15757,1
1901,stock_id=0,15759,0
1902,stock_id=0,15765,1
1903,stock_id=0,15770,0
1904,stock_id=0,15772,1
1905,stock_id=0,15798,0
1906,stock_id=0,15807,0
1907,stock_id=0,15818,0
1908,stock_id=0,15823,0
1909,stock_id=0,15824,1
1910,stock_id=0,15836,1
1911,stock_id=0,15840,0
1912,stock_id=0,15845,1
1913,stock_id=0,15846,1
1914,stock_id=0,15852,0
1915,stock_id=0,15853,1
1916,stock_id=0,15858,0
1917,stock_id=0,15861,0
1918,stock_id=0,15872,0
1919,stock_id=0,15883,1
1920,stock_id=0,15894,0
1921,stock_id=0,15903,0
1922,stock_id=0,15904,0
1923,stock_id=0,15906,0
1924,stock_id=0,15907,0
1925,stock_id=0,15908,0
1926,stock_id=0,15920,0
1927,stock_id=0,15934,0
1928,stock_id=0,15938,0
1929,stock_id=0,15960,0
1930,stock_id=0,15965,0
1931,stock_id=0,15966,1
1932,stock_id=0,15982,0
1933,stock_id=0,15989,0
1934,stock_id=0,15991,0
1935,stock_id=0,16016,0
1936,stock_id=0,16017,0
1937,stock_id=0,16031,1
1938,stock_id=0,16040,0
1939,stock_id=0,16071,1
1940,stock_id=0,16081,1
1941,stock_id=0,16086,0
1942,stock_id=0,16089,0
1943,stock_id=0,16093,0
1944,stock_id=0,16103,0
1945,stock_id=0,16113,0
1946,stock_id=0,16118,0
1947,stock_id=0,16127,0
1948,stock_id=0,16138,0
1949,stock_id=0,16147,1
1950,stock_id=0,16149,0
1951,stock_id=0,16170,0
1952,stock_id=0,16172,0
1953,stock_id=0,16192,0
1954,stock_id=0,16200,1
1955,stock_id=0,16235,0
1956,stock_id=0,16240,0
1957,stock_id=0,16271,0
1958,stock_id=0,16280,0
1959,stock_id=0,16282,1
1960,stock_id=0,16288,0
1961,stock_id=0,16289,0
1962,stock_id=0,16304,0
1963,stock_id=0,16312,0
1964,stock_id=0,16320,0
1965,stock_id=0,16328,0
1966,stock_id=0,16330,0
1967,stock_id=0,16352,0
1968,stock_id=0,16357,1
1969,stock_id=0,16367,0
1970,stock_id=0,16374,0
1971,stock_id=0,16402,0
1972,stock_id=0,16404,0
1973,stock_id=0,16428,0
1974,stock_id=0,16429,0
1975,stock_id=0,16431,1
1976,stock_id=0,16438,0
1977,stock_id=0,16454,0
1978,stock_id=0,16460,0
1979,stock_id=0,16466,0
1980,stock_id=0,16479,0
1981,stock_id=0,16488,0
1982,stock_id=0,16489,0
1983,stock_id=0,16499,0
1984,stock_id=0,16500,0
1985,stock_id=0,16504,0
1986,stock_id=0,16507,0
1987,stock_id=0,16511,1
1988,stock_id=0,16519,0
1989,stock_id=0,16526,0
1990,stock_id=0,16556,0
1991,stock_id=0,16560,0
1992,stock_id=0,16570,0
1993,stock_id=0,16575,0
1994,stock_id=0,16594,0
1995,stock_id=0,16601,0
1996,stock_id=0,16611,1
1997,stock_id=0,16614,0
1998,stock_id=0,16624,0
1999,stock_id=0,16629,1
2000,stock_id=0,16630,1
2001,stock_id=0,16637,0
2002,stock_id=0,16643,0
2003,stock_id=0,16649,0
2004,stock_id=0,16660,0
2005,stock_id=0,16666,0
2006,stock_id=0,16676,0
2007,stock_id=0,16679,0
2008,stock_id=0,16694,0
2009,stock_id=0,16696,0
2010,stock_id=0,16699,0
2011,stock_id=0,16704,1
2012,stock_id=0,16706,0
2013,stock_id=0,16707,0
2014,stock_id=0,16721,1
2015,stock_id=0,16731,0
2016,stock_id=0,16733,1
2017,stock_id=0,16745,0
2018,stock_id=0,16746,0
2019,stock_id=0,16753,0
2020,stock_id=0,16771,0
2021,stock_id=0,16774,1
2022,stock_id=0,16792,0
2023,stock_id=0,16793,0
2024,stock_id=0,16802,1
2025,stock_id=0,16811,0
2026,stock_id=0,16815,0
2027,stock_id=0,16816,0
2028,stock_id=0,16823,1
2029,stock_id=0,16831,0
2030,stock_id=0,16839,1
2031,stock_id=0,16851,0
2032,stock_id=0,16864,0
2033,stock_id=0,16869,0
2034,stock_id=0,16877,0
2035,stock_id=0,16880,0
2036,stock_id=0,16900,0
2037,stock_id=0,16910,0
2038,stock_id=0,16919,0
2039,stock_id=0,16941,0
2040,stock_id=0,16943,1
2041,stock_id=0,16948,0
2042,stock_id=0,16978,0
2043,stock_id=0,16987,0
2044,stock_id=0,16992,1
2045,stock_id=0,16999,1
2046,stock_id=0,17008,0
2047,stock_id=0,17010,0
2048,stock_id=0,17013,0
2049,stock_id=0,17029,1
2050,stock_id=0,17031,0
2051,stock_id=0,17034,0
2052,stock_id=0,17050,1
2053,stock_id=0,17053,1
2054,stock_id=0,17056,0
2055,stock_id=0,17058,1
2056,stock_id=0,17070,1
2057,stock_id=0,17076,0
2058,stock_id=0,17078,1
2059,stock_id=0,17090,0
2060,stock_id=0,17091,0
2061,stock_id=0,17093,0
2062,stock_id=0,17109,1
2063,stock_id=0,17112,1
2064,stock_id=0,17117,0
2065,stock_id=0,17120,0
2066,stock_id=0,17157,1
2067,stock_id=0,17161,1
2068,stock_id=0,17167,0
2069,stock_id=0,17169,0
2070,stock_id=0,17172,0
2071,stock_id=0,17179,0
2072,stock_id=0,17181,1
2073,stock_id=0,17191,0
2074,stock_id=0,17193,1
2075,stock_id=0,17194,0
2076,stock_id=0,17198,0
2077,stock_id=0,17210,0
2078,stock_id=0,17217,1
2079,stock_id=0,17227,0
2080,stock_id=0,17239,1
2081,stock_id=0,17244,1
2082,stock_id=0,17247,0
2083,stock_id=0,17259,1
2084,stock_id=0,17264,0
2085,stock_id=0,17265,1
2086,stock_id=0,17293,0
2087,stock_id=0,17295,0
2088,stock_id=0,17305,0
2089,stock_id=0,17315,0
2090,stock_id=0,17324,1
2091,stock_id=0,17328,0
2092,stock_id=0,17337,0
2093,stock_id=0,17339,0
2094,stock_id=0,17342,0
2095,stock_id=0,17355,1
2096,stock_id=0,17363,0
2097,stock_id=0,17377,0
2098,stock_id=0,17378,0
2099,stock_id=0,17387,1
2100,stock_id=0,17390,0
2101,stock_id=0,17395,0
2102,stock_id=0,17398,0
2103,stock_id=0,17421,0
2104,stock_id=0,17424,1
2105,stock_id=0,17428,0
2106,stock_id=0,17429,0
2107,stock_id=0,17448,0
2108,stock_id=0,17454,0
2109,stock_id=0,17460,1
2110,stock_id=0,17474,0
2111,stock_id=0,17486,0
2112,stock_id=0,17490,0
2113,stock_id=0,17491,1
2114,stock_id=0,17505,0
2115,stock_id=0,17506,0
2116,stock_id=0,17522,0
2117,stock_id=0,17528,0
2118,stock_id=0,17530,0
2119,stock_id=0,17565,0
2120,stock_id=0,17569,1
2121,stock_id=0,17570,0
2122,stock_id=0,17578,1
2123,stock_id=0,17584,0
2124,stock_id=0,17598,0
2125,stock_id=0,17603,1
2126,stock_id=0,17604,0
2127,stock_id=0,17606,0
2128,stock_id=0,17617,0
2129,stock_id=0,17626,1
2130,stock_id=0,17634,1
2131,stock_id=0,17639,0
2132,stock_id=0,17643,0
2133,stock_id=0,17644,1
2134,stock_id=0,17670,0
2135,stock_id=0,17672,0
2136,stock_id=0,17676,0
2137,stock_id=0,17695,0
2138,stock_id=0,17698,0
2139,stock_id=0,17707,0
2140,stock_id=0,17708,0
2141,stock_id=0,17727,1
2142,stock_id=0,17762,1
2143,stock_id=0,17777,0
2144,stock_id=0,17785,0
2145,stock_id=0,17791,0
2146,stock_id=0,17804,1
2147,stock_id=0,17809,1
2148,stock_id=0,17813,1
2149,stock_id=0,17820,0
2150,stock_id=0,17823,0
2151,stock_id=0,17825,1
2152,stock_id=0,17832,0
2153,stock_id=0,17837,0
2154,stock_id=0,17838,0
2155,stock_id=0,17841,0
2156,stock_id=0,17852,0
2157,stock_id=0,17870,0
2158,stock_id=0,17872,0
2159,stock_id=0,17875,0
2160,stock_id=0,17876,0
2161,stock_id=0,17885,0
2162,stock_id=0,17888,1
2163,stock_id=0,17903,1
2164,stock_id=0,17911,1
2165,stock_id=0,17914,1
2166,stock_id=0,17946,0
2167,stock_id=0,17949,1
2168,stock_id=0,17951,1
2169,stock_id=0,17955,0
2170,stock_id=0,17957,0
2171,stock_id=0,17966,0
2172,stock_id=0,17967,0
2173,stock_id=0,17971,0
2174,stock_id=0,17973,0
2175,stock_id=0,17975,0
2176,stock_id=0,17983,0
2177,stock_id=0,17987,0
2178,stock_id=0,17989,0
2179,stock_id=0,17999,0
2180,stock_id=0,18000,1
2181,stock_id=0,18007,0
2182,stock_id=0,18012,1
2183,stock_id=0,18020,0
2184,stock_id=0,18023,0
2185,stock_id=0,18029,1
2186,stock_id=0,18042,0
2187,stock_id=0,18059,1
2188,stock_id=0,18072,0
2189,stock_id=0,18077,0
2190,stock_id=0,18082,0
2191,stock_id=0,18088,0
2192,stock_id=0,18109,0
2193,stock_id=0,18111,0
2194,stock_id=0,18129,0
2195,stock_id=0,18134,0
2196,stock_id=0,18141,1
2197,stock_id=0,18142,1
2198,stock_id=0,18147,0
2199,stock_id=0,18170,1
2200,stock_id=0,18174,0
2201,stock_id=0,18177,0
2202,stock_id=0,18178,0
2203,stock_id=0,18180,0
2204,stock_id=0,18184,0
2205,stock_id=0,18200,0
2206,stock_id=0,18203,0
2207,stock_id=0,18205,1
2208,stock_id=0,18212,0
2209,stock_id=0,18216,0
2210,stock_id=0,18218,0
2211,stock_id=0,18220,0
2212,stock_id=0,18222,0
2213,stock_id=0,18224,0
2214,stock_id=0,18231,0
2215,stock_id=0,18234,0
2216,stock_id=0,18236,0
2217,stock_id=0,18242,0
2218,stock_id=0,18247,0
2219,stock_id=0,18262,0
2220,stock_id=0,18285,0
2221,stock_id=0,18316,0
2222,stock_id=0,18351,0
2223,stock_id=0,18358,0
2224,stock_id=0,18371,0
2225,stock_id=0,18392,0
2226,stock_id=0,18393,0
2227,stock_id=0,18400,1
2228,stock_id=0,18402,1
2229,stock_id=0,18407,0
2230,stock_id=0,18425,0
2231,stock_id=0,18427,0
2232,stock_id=0,18430,0
2233,stock_id=0,18445,1
2234,stock_id=0,18447,1
2235,stock_id=0,18471,0
2236,stock_id=0,18479,0
2237,stock_id=0,18483,0
2238,stock_id=0,18491,0
2239,stock_id=0,18494,0
2240,stock_id=0,18495,1
2241,stock_id=0,18498,1
2242,stock_id=0,18500,0
2243,stock_id=0,18502,0
2244,stock_id=0,18507,0
2245,stock_id=0,18509,0
2246,stock_id=0,18514,0
2247,stock_id=0,18534,0
2248,stock_id=0,18545,1
2249,stock_id=0,18560,0
2250,stock_id=0,18565,0
2251,stock_id=0,18567,0
2252,stock_id=0,18582,0
2253,stock_id=0,18586,0
2254,stock_id=0,18587,0
2255,stock_id=0,18595,0
2256,stock_id=0,18597,0
2257,stock_id=0,18600,0
2258,stock_id=0,18611,0
2259,stock_id=0,18628,0
2260,stock_id=0,18629,0
2261,stock_id=0,18634,0
2262,stock_id=0,18640,0
2263,stock_id=0,18653,1
2264,stock_id=0,18656,0
2265,stock_id=0,18662,1
2266,stock_id=0,18682,0
2267,stock_id=0,18692,0
2268,stock_id=0,18701,0
2269,stock_id=0,18703,0
2270,stock_id=0,18728,0
2271,stock_id=0,18739,0
2272,stock_id=0,18742,1
2273,stock_id=0,18748,0
2274,stock_id=0,18764,0
2275,stock_id=0,18766,0
2276,stock_id=0,18792,0
2277,stock_id=0,18794,1
2278,stock_id=0,18808,0
2279,stock_id=0,18822,1
2280,stock_id=0,18831,1
2281,stock_id=0,18836,1
2282,stock_id=0,18844,0
2283,stock_id=0,18848,0
2284,stock_id=0,18865,0
2285,stock_id=0,18878,0
2286,stock_id=0,18908,1
2287,stock_id=0,18911,1
2288,stock_id=0,18912,0
2289,stock_id=0,18916,1
2290,stock_id=0,18919,0
2291,stock_id=0,18928,1
2292,stock_id=0,18932,0
2293,stock_id=0,18940,0
2294,stock_id=0,18944,0
2295,stock_id=0,18949,0
2296,stock_id=0,18955,0
2297,stock_id=0,18956,1
2298,stock_id=0,18959,0
2299,stock_id=0,18960,1
2300,stock_id=0,18967,0
2301,stock_id=0,18972,1
2302,stock_id=0,18993,0
2303,stock_id=0,18996,0
2304,stock_id=0,18999,1
2305,stock_id=0,19033,0
2306,stock_id=0,19034,0
2307,stock_id=0,19050,0
2308,stock_id=0,19053,0
2309,stock_id=0,19062,0
2310,stock_id=0,19065,0
2311,stock_id=0,19068,0
2312,stock_id=0,19072,1
2313,stock_id=0,19090,1
2314,stock_id=0,19104,1
2315,stock_id=0,19136,0
2316,stock_id=0,19147,0
2317,stock_id=0,19148,0
2318,stock_id=0,19154,0
2319,stock_id=0,19155,0
2320,stock_id=0,19157,0
2321,stock_id=0,19164,0
2322,stock_id=0,19176,0
2323,stock_id=0,19180,1
2324,stock_id=0,19204,0
2325,stock_id=0,19222,0
2326,stock_id=0,19226,0
2327,stock_id=0,19230,0
2328,stock_id=0,19234,0
2329,stock_id=0,19240,1
2330,stock_id=0,19255,0
2331,stock_id=0,19260,1
2332,stock_id=0,19262,1
2333,stock_id=0,19265,0
2334,stock_id=0,19267,0
2335,stock_id=0,19271,0
2336,stock_id=0,19274,0
2337,stock_id=0,19281,1
2338,stock_id=0,19294,0
2339,stock_id=0,19300,1
2340,stock_id=0,19309,0
2341,stock_id=0,19333,0
2342,stock_id=0,19358,1
2343,stock_id=0,19365,0
2344,stock_id=0,19373,0
2345,stock_id=0,19385,1
2346,stock_id=0,19386,1
2347,stock_id=0,19389,0
2348,stock_id=0,19390,0
2349,stock_id=0,19417,0
2350,stock_id=0,19428,1
2351,stock_id=0,19434,1
2352,stock_id=0,19444,0
2353,stock_id=0,19453,0
2354,stock_id=0,19459,0
2355,stock_id=0,19466,1
2356,stock_id=0,19472,0
2357,stock_id=0,19476,0
2358,stock_id=0,19483,0
2359,stock_id=0,19488,0
2360,stock_id=0,19489,0
2361,stock_id=0,19491,0
2362,stock_id=0,19493,0
2363,stock_id=0,19495,1
2364,stock_id=0,19499,0
2365,stock_id=0,19509,0
2366,stock_id=0,19512,0
2367,stock_id=0,19527,0
2368,stock_id=0,19528,1
2369,stock_id=0,19531,0
2370,stock_id=0,19532,1
2371,stock_id=0,19542,0
2372,stock_id=0,19551,1
2373,stock_id=0,19554,0
2374,stock_id=0,19579,1
2375,stock_id=0,19580,0
2376,stock_id=0,19597,0
2377,stock_id=0,19603,0
2378,stock_id=0,19606,0
2379,stock_id=0,19612,0
2380,stock_id=0,19614,0
2381,stock_id=0,19623,1
2382,stock_id=0,19625,0
2383,stock_id=0,19626,0
2384,stock_id=0,19629,1
2385,stock_id=0,19636,0
2386,stock_id=0,19639,1
2387,stock_id=0,19647,0
2388,stock_id=0,19651,1
2389,stock_id=0,19660,0
2390,stock_id=0,19678,0
2391,stock_id=0,19690,0
2392,stock_id=0,19697,0
2393,stock_id=0,19699,0
2394,stock_id=0,19725,0
2395,stock_id=0,19729,0
2396,stock_id=0,19735,0
2397,stock_id=0,19747,1
2398,stock_id=0,19765,0
2399,stock_id=0,19772,0
2400,stock_id=0,19799,0
2401,stock_id=0,19810,0
2402,stock_id=0,19815,1
2403,stock_id=0,19817,0
2404,stock_id=0,19830,1
2405,stock_id=0,19839,0
2406,stock_id=0,19845,0
2407,stock_id=0,19871,0
2408,stock_id=0,19873,0
2409,stock_id=0,19876,0
2410,stock_id=0,19883,0
2411,stock_id=0,19904,0
2412,stock_id=0,19915,1
2413,stock_id=0,19923,0
2414,stock_id=0,19935,0
2415,stock_id=0,19949,1
2416,stock_id=0,19955,0
2417,stock_id=0,19977,0
2418,stock_id=0,19994,1
2419,stock_id=0,19999,0
2420,stock_id=0,20008,0
2421,stock_id=0,20017,0
2422,stock_id=0,20021,0
2423,stock_id=0,20033,0
2424,stock_id=0,20055,0
2425,stock_id=0,20057,0
2426,stock_id=0,20063,1
2427,stock_id=0,20064,0
2428,stock_id=0,20078,1
2429,stock_id=0,20083,0
2430,stock_id=0,20084,0
2431,stock_id=0,20086,0
2432,stock_id=0,20099,1
2433,stock_id=0,20127,0
2434,stock_id=0,20128,1
2435,stock_id=0,20132,1
2436,stock_id=0,20135,0
2437,stock_id=0,20136,0
2438,stock_id=0,20164,0
2439,stock_id=0,20172,1
2440,stock_id=0,20196,1
2441,stock_id=0,20199,0
2442,stock_id=0,20213,0
2443,stock_id=0,20214,0
2444,stock_id=0,20225,1
2445,stock_id=0,20227,0
2446,stock_id=0,20234,0
2447,stock_id=0,20255,0
2448,stock_id=0,20265,0
2449,stock_id=0,20268,0
2450,stock_id=0,20271,1
2451,stock_id=0,20306,0
2452,stock_id=0,20317,1
2453,stock_id=0,20323,0
2454,stock_id=0,20326,0
2455,stock_id=0,20327,0
2456,stock_id=0,20329,1
2457,stock_id=0,20336,0
2458,stock_id=0,20341,0
2459,stock_id=0,20351,1
2460,stock_id=0,20382,0
2461,stock_id=0,20384,0
2462,stock_id=0,20405,1
2463,stock_id=0,20406,0
2464,stock_id=0,20408,0
2465,stock_id=0,20410,0
2466,stock_id=0,20415,0
2467,stock_id=0,20418,0
2468,stock_id=0,20430,0
2469,stock_id=0,20434,1
2470,stock_id=0,20435,0
2471,stock_id=0,20439,0
2472,stock_id=0,20445,1
2473,stock_id=0,20453,1
2474,stock_id=0,20457,0
2475,stock_id=0,20460,1
2476,stock_id=0,20469,0
2477,stock_id=0,20474,0
2478,stock_id=0,20491,0
2479,stock_id=0,20498,0
2480,stock_id=0,20499,0
2481,stock_id=0,20550,0
2482,stock_id=0,20551,0
2483,stock_id=0,20557,0
2484,stock_id=0,20559,0
2485,stock_id=0,20563,0
2486,stock_id=0,20568,1
2487,stock_id=0,20571,1
2488,stock_id=0,20577,0
2489,stock_id=0,20581,0
2490,stock_id=0,20585,1
2491,stock_id=0,20597,0
2492,stock_id=0,20603,0
2493,stock_id=0,20630,0
2494,stock_id=0,20631,1
2495,stock_id=0,20644,0
2496,stock_id=0,20651,0
2497,stock_id=0,20669,1
2498,stock_id=0,20673,0
2499,stock_id=0,20678,1
2500,stock_id=0,20691,1
2501,stock_id=0,20715,0
2502,stock_id=0,20732,0
2503,stock_id=0,20734,1
2504,stock_id=0,20762,0
2505,stock_id=0,20770,0
2506,stock_id=0,20776,0
2507,stock_id=0,20782,0
2508,stock_id=0,20785,0
2509,stock_id=0,20790,0
2510,stock_id=0,20796,0
2511,stock_id=0,20810,0
2512,stock_id=0,20826,0
2513,stock_id=0,20827,0
2514,stock_id=0,20837,0
2515,stock_id=0,20843,0
2516,stock_id=0,20851,1
2517,stock_id=0,20858,0
2518,stock_id=0,20862,0
2519,stock_id=0,20872,1
2520,stock_id=0,20881,1
2521,stock_id=0,20900,0
2522,stock_id=0,20914,0
2523,stock_id=0,20927,0
2524,stock_id=0,20928,1
2525,stock_id=0,20935,1
2526,stock_id=0,20936,1
2527,stock_id=0,20939,1
2528,stock_id=0,20944,0
2529,stock_id=0,20945,1
2530,stock_id=0,20950,0
2531,stock_id=0,20953,0
2532,stock_id=0,20972,0
2533,stock_id=0,20973,0
2534,stock_id=0,20995,0
2535,stock_id=0,20996,0
2536,stock_id=0,21020,0
2537,stock_id=0,21024,1
2538,stock_id=0,21038,0
2539,stock_id=0,21040,1
2540,stock_id=0,21051,0
2541,stock_id=0,21053,0
2542,stock_id=0,21074,1
2543,stock_id=0,21079,1
2544,stock_id=0,21083,0
2545,stock_id=0,21094,0
2546,stock_id=0,21099,0
2547,stock_id=0,21103,1
2548,stock_id=0,21116,0
2549,stock_id=0,21121,0
2550,stock_id=0,21136,0
2551,stock_id=0,21139,0
2552,stock_id=0,21145,0
2553,stock_id=0,21148,1
2554,stock_id=0,21164,0
2555,stock_id=0,21169,0
2556,stock_id=0,21179,0
2557,stock_id=0,21203,0
2558,stock_id=0,21208,0
2559,stock_id=0,21218,0
2560,stock_id=0,21239,0
2561,stock_id=0,21240,0
2562,stock_id=0,21243,1
2563,stock_id=0,21246,0
2564,stock_id=0,21248,0
2565,stock_id=0,21267,1
2566,stock_id=0,21272,0
2567,stock_id=0,21300,0
2568,stock_id=0,21301,0
2569,stock_id=0,21307,0
2570,stock_id=0,21326,1
2571,stock_id=0,21328,1
2572,stock_id=0,21329,1
2573,stock_id=0,21344,1
2574,stock_id=0,21364,0
2575,stock_id=0,21367,0
2576,stock_id=0,21368,0
2577,stock_id=0,21373,0
2578,stock_id=0,21391,1
2579,stock_id=0,21398,0
2580,stock_id=0,21404,1
2581,stock_id=0,21428,1
2582,stock_id=0,21431,1
2583,stock_id=0,21434,0
2584,stock_id=0,21437,0
2585,stock_id=0,21439,0
2586,stock_id=0,21445,0
2587,stock_id=0,21446,0
2588,stock_id=0,21466,0
2589,stock_id=0,21486,0
2590,stock_id=0,21493,1
2591,stock_id=0,21507,0
2592,stock_id=0,21533,0
2593,stock_id=0,21555,0
2594,stock_id=0,21601,0
2595,stock_id=0,21602,0
2596,stock_id=0,21614,0
2597,stock_id=0,21621,0
2598,stock_id=0,21634,0
2599,stock_id=0,21640,0
2600,stock_id=0,21645,0
2601,stock_id=0,21647,0
2602,stock_id=0,21655,1
2603,stock_id=0,21657,1
2604,stock_id=0,21658,0
2605,stock_id=0,21659,0
2606,stock_id=0,21685,0
2607,stock_id=0,21693,0
2608,stock_id=0,21695,0
2609,stock_id=0,21716,1
2610,stock_id=0,21718,0
2611,stock_id=0,21732,0
2612,stock_id=0,21734,1
2613,stock_id=0,21744,0
2614,stock_id=0,21753,0
2615,stock_id=0,21762,0
2616,stock_id=0,21770,0
2617,stock_id=0,21777,0
2618,stock_id=0,21805,1
2619,stock_id=0,21825,1
2620,stock_id=0,21834,0
2621,stock_id=0,21843,0
2622,stock_id=0,21848,0
2623,stock_id=0,21849,0
2624,stock_id=0,21854,0
2625,stock_id=0,21883,0
2626,stock_id=0,21884,0
2627,stock_id=0,21886,1
2628,stock_id=0,21888,0
2629,stock_id=0,21890,0
2630,stock_id=0,21891,1
2631,stock_id=0,21897,0
2632,stock_id=0,21906,1
2633,stock_id=0,21911,1
2634,stock_id=0,21920,0
2635,stock_id=0,21931,0
2636,stock_id=0,21934,0
2637,stock_id=0,21988,0
2638,stock_id=0,21990,1
2639,stock_id=0,21995,0
2640,stock_id=0,22003,0
2641,stock_id=0,22008,0
2642,stock_id=0,22011,0
2643,stock_id=0,22013,0
2644,stock_id=0,22014,0
2645,stock_id=0,22023,0
2646,stock_id=0,22026,0
2647,stock_id=0,22038,0
2648,stock_id=0,22042,0
2649,stock_id=0,22047,1
2650,stock_id=0,22064,0
2651,stock_id=0,22067,0
2652,stock_id=0,22076,0
2653,stock_id=0,22079,0
2654,stock_id=0,22081,0
2655,stock_id=0,22106,1
2656,stock_id=0,22115,0
2657,stock_id=0,22117,1
2658,stock_id=0,22120,0
2659,stock_id=0,22126,0
2660,stock_id=0,22133,0
2661,stock_id=0,22159,0
2662,stock_id=0,22166,0
2663,stock_id=0,22169,0
2664,stock_id=0,22178,1
2665,stock_id=0,22188,0
2666,stock_id=0,22193,0
2667,stock_id=0,22217,0
2668,stock_id=0,22249,0
2669,stock_id=0,22262,0
2670,stock_id=0,22263,0
2671,stock_id=0,22277,0
2672,stock_id=0,22289,1
2673,stock_id=0,22290,0
2674,stock_id=0,22300,0
2675,stock_id=0,22304,1
2676,stock_id=0,22307,0
2677,stock_id=0,22331,0
2678,stock_id=0,22355,1
2679,stock_id=0,22377,0
2680,stock_id=0,22384,0
2681,stock_id=0,22385,1
2682,stock_id=0,22392,0
2683,stock_id=0,22405,0
2684,stock_id=0,22427,0
2685,stock_id=0,22440,1
2686,stock_id=0,22441,0
2687,stock_id=0,22447,0
2688,stock_id=0,22455,0
2689,stock_id=0,22466,0
2690,stock_id=0,22487,1
2691,stock_id=0,22495,0
2692,stock_id=0,22496,0
2693,stock_id=0,22498,0
2694,stock_id=0,22501,0
2695,stock_id=0,22513,0
2696,stock_id=0,22517,0
2697,stock_id=0,22519,0
2698,stock_id=0,22532,0
2699,stock_id=0,22542,0
2700,stock_id=0,22543,1
2701,stock_id=0,22548,1
2702,stock_id=0,22585,1
2703,stock_id=0,22590,1
2704,stock_id=0,22598,0
2705,stock_id=0,22616,1
2706,stock_id=0,22621,0
2707,stock_id=0,22622,0
2708,stock_id=0,22627,1
2709,stock_id=0,22635,0
2710,stock_id=0,22638,0
2711,stock_id=0,22649,0
2712,stock_id=0,22666,0
2713,stock_id=0,22671,0
2714,stock_id=0,22674,0
2715,stock_id=0,22678,1
2716,stock_id=0,22695,0
2717,stock_id=0,22697,0
2718,stock_id=0,22725,1
2719,stock_id=0,22732,0
2720,stock_id=0,22749,1
2721,stock_id=0,22750,0
2722,stock_id=0,22752,0
2723,stock_id=0,22759,0
2724,stock_id=0,22766,0
2725,stock_id=0,22780,1
2726,stock_id=0,22794,0
2727,stock_id=0,22798,0
2728,stock_id=0,22822,0
2729,stock_id=0,22824,0
2730,stock_id=0,22825,0
2731,stock_id=0,22827,0
2732,stock_id=0,22828,0
2733,stock_id=0,22829,0
2734,stock_id=0,22877,1
2735,stock_id=0,22879,0
2736,stock_id=0,22884,0
2737,stock_id=0,22887,0
2738,stock_id=0,22893,0
2739,stock_id=0,22898,1
2740,stock_id=0,22899,0
2741,stock_id=0,22903,0
2742,stock_id=0,22907,1
2743,stock_id=0,22909,0
2744,stock_id=0,22912,1
2745,stock_id=0,22914,0
2746,stock_id=0,22922,0
2747,stock_id=0,22928,0
2748,stock_id=0,22941,0
2749,stock_id=0,22946,0
2750,stock_id=0,22947,0
2751,stock_id=0,22962,0
2752,stock_id=0,22964,0
2753,stock_id=0,22973,1
2754,stock_id=0,22996,0
2755,stock_id=0,23001,0
2756,stock_id=0,23017,0
2757,stock_id=0,23019,0
2758,stock_id=0,23028,0
2759,stock_id=0,23030,1
2760,stock_id=0,23034,0
2761,stock_id=0,23045,0
2762,stock_id=0,23049,0
2763,stock_id=0,23054,1
2764,stock_id=0,23062,0
2765,stock_id=0,23069,0
2766,stock_id=0,23088,1
2767,stock_id=0,23112,0
2768,stock_id=0,23130,0
2769,stock_id=0,23132,0
2770,stock_id=0,23136,0
2771,stock_id=0,23144,0
2772,stock_id=0,23145,0
2773,stock_id=0,23147,0
2774,stock_id=0,23153,0
2775,stock_id=0,23156,1
2776,stock_id=0,23170,1
2777,stock_id=0,23179,0
2778,stock_id=0,23185,0
2779,stock_id=0,23195,0
2780,stock_id=0,23201,0
2781,stock_id=0,23202,0
2782,stock_id=0,23212,0
2783,stock_id=0,23217,0
2784,stock_id=0,23220,0
2785,stock_id=0,23226,1
2786,stock_id=0,23228,0
2787,stock_id=0,23232,0
2788,stock_id=0,23233,1
2789,stock_id=0,23243,0
2790,stock_id=0,23246,0
2791,stock_id=0,23254,0
2792,stock_id=0,23265,0
2793,stock_id=0,23274,0
2794,stock_id=0,23290,0
2795,stock_id=0,23299,0
2796,stock_id=0,23312,1
2797,stock_id=0,23317,0
2798,stock_id=0,23337,0
2799,stock_id=0,23341,0
2800,stock_id=0,23342,0
2801,stock_id=0,23348,0
2802,stock_id=0,23351,0
2803,stock_id=0,23353,0
2804,stock_id=0,23356,0
2805,stock_id=0,23366,0
2806,stock_id=0,23386,0
2807,stock_id=0,23399,0
2808,stock_id=0,23405,0
2809,stock_id=0,23417,1
2810,stock_id=0,23423,0
2811,stock_id=0,23426,0
2812,stock_id=0,23427,0
2813,stock_id=0,23462,0
2814,stock_id=0,23464,0
2815,stock_id=0,23486,0
2816,stock_id=0,23488,0
2817,stock_id=0,23490,0
2818,stock_id=0,23500,0
2819,stock_id=0,23503,0
2820,stock_id=0,23504,0
2821,stock_id=0,23520,0
2822,stock_id=0,23524,1
2823,stock_id=0,23531,1
2824,stock_id=0,23536,1
2825,stock_id=0,23539,0
2826,stock_id=0,23547,0
2827,stock_id=0,23566,0
2828,stock_id=0,23579,0
2829,stock_id=0,23598,0
2830,stock_id=0,23600,0
2831,stock_id=0,23603,0
2832,stock_id=0,23619,0
2833,stock_id=0,23624,0
2834,stock_id=0,23628,0
2835,stock_id=0,23630,0
2836,stock_id=0,23637,0
2837,stock_id=0,23639,0
2838,stock_id=0,23642,0
2839,stock_id=0,23652,0
2840,stock_id=0,23656,0
2841,stock_id=0,23658,0
2842,stock_id=0,23683,0
2843,stock_id=0,23708,0
2844,stock_id=0,23724,1
2845,stock_id=0,23736,0
2846,stock_id=0,23737,0
2847,stock_id=0,23750,0
2848,stock_id=0,23751,0
2849,stock_id=0,23765,0
2850,stock_id=0,23768,1
2851,stock_id=0,23780,0
2852,stock_id=0,23792,0
2853,stock_id=0,23794,0
2854,stock_id=0,23796,0
2855,stock_id=0,23819,1
2856,stock_id=0,23821,0
2857,stock_id=0,23823,0
2858,stock_id=0,23828,0
2859,stock_id=0,23834,0
2860,stock_id=0,23836,0
2861,stock_id=0,23858,0
2862,stock_id=0,23863,1
2863,stock_id=0,23873,0
2864,stock_id=0,23892,0
2865,stock_id=0,23903,0
2866,stock_id=0,23940,0
2867,stock_id=0,23955,0
2868,stock_id=0,23958,1
2869,stock_id=0,23962,1
2870,stock_id=0,23967,0
2871,stock_id=0,23972,0
2872,stock_id=0,23994,0
2873,stock_id=0,24002,0
2874,stock_id=0,24010,0
2875,stock_id=0,24014,0
2876,stock_id=0,24021,0
2877,stock_id=0,24022,0
2878,stock_id=0,24033,1
2879,stock_id=0,24034,1
2880,stock_id=0,24048,0
2881,stock_id=0,24050,0
2882,stock_id=0,24073,1
2883,stock_id=0,24078,0
2884,stock_id=0,24085,1
2885,stock_id=0,24101,0
2886,stock_id=0,24120,1
2887,stock_id=0,24123,0
2888,stock_id=0,24127,0
2889,stock_id=0,24131,1
2890,stock_id=0,24143,0
2891,stock_id=0,24149,0
2892,stock_id=0,24157,0
2893,stock_id=0,24161,0
2894,stock_id=0,24171,1
2895,stock_id=0,24178,0
2896,stock_id=0,24179,0
2897,stock_id=0,24183,0
2898,stock_id=0,24198,0
2899,stock_id=0,24220,0
2900,stock_id=0,24224,0
2901,stock_id=0,24253,1
2902,stock_id=0,24259,0
2903,stock_id=0,24318,0
2904,stock_id=0,24334,0
2905,stock_id=0,24339,0
2906,stock_id=0,24341,0
2907,stock_id=0,24349,0
2908,stock_id=0,24351,1
2909,stock_id=0,24357,0
2910,stock_id=0,24384,0
2911,stock_id=0,24385,0
2912,stock_id=0,24388,0
2913,stock_id=0,24393,0
2914,stock_id=0,24396,1
2915,stock_id=0,24398,0
2916,stock_id=0,24401,0
2917,stock_id=0,24402,0
2918,stock_id=0,24406,0
2919,stock_id=0,24414,0
2920,stock_id=0,24437,0
2921,stock_id=0,24443,0
2922,stock_id=0,24457,0
2923,stock_id=0,24470,0
2924,stock_id=0,24473,0
2925,stock_id=0,24497,1
2926,stock_id=0,24523,0
2927,stock_id=0,24535,0
2928,stock_id=0,24572,0
2929,stock_id=0,24573,0
2930,stock_id=0,24588,0
2931,stock_id=0,24589,0
2932,stock_id=0,24590,0
2933,stock_id=0,24600,0
2934,stock_id=0,24661,0
2935,stock_id=0,24662,0
2936,stock_id=0,24680,0
2937,stock_id=0,24701,0
2938,stock_id=0,24705,0
2939,stock_id=0,24707,0
2940,stock_id=0,24713,1
2941,stock_id=0,24717,0
2942,stock_id=0,24725,0
2943,stock_id=0,24728,0
2944,stock_id=0,24730,0
2945,stock_id=0,24741,1
2946,stock_id=0,24742,0
2947,stock_id=0,24754,0
2948,stock_id=0,24766,0
2949,stock_id=0,24770,0
2950,stock_id=0,24775,0
2951,stock_id=0,24795,0
2952,stock_id=0,24816,0
2953,stock_id=0,24817,1
2954,stock_id=0,24868,0
2955,stock_id=0,24871,0
2956,stock_id=0,24874,0
2957,stock_id=0,24878,0
2958,stock_id=0,24879,1
2959,stock_id=0,24880,0
2960,stock_id=0,24881,0
2961,stock_id=0,24894,0
2962,stock_id=0,24913,0
2963,stock_id=0,24921,1
2964,stock_id=0,24929,1
2965,stock_id=0,24933,0
2966,stock_id=0,24949,0
2967,stock_id=0,24989,0
2968,stock_id=0,24997,0
2969,stock_id=0,25002,0
2970,stock_id=0,25010,0
2971,stock_id=0,25015,1
2972,stock_id=0,25018,0
2973,stock_id=0,25019,1
2974,stock_id=0,25023,0
2975,stock_id=0,25025,1
2976,stock_id=0,25030,1
2977,stock_id=0,25031,0
2978,stock_id=0,25059,1
2979,stock_id=0,25085,0
2980,stock_id=0,25087,0
2981,stock_id=0,25089,0
2982,stock_id=0,25094,1
2983,stock_id=0,25107,1
2984,stock_id=0,25108,0
2985,stock_id=0,25118,0
2986,stock_id=0,25131,0
2987,stock_id=0,25148,1
2988,stock_id=0,25150,0
2989,stock_id=0,25163,0
2990,stock_id=0,25166,0
2991,stock_id=0,25176,0
2992,stock_id=0,25177,0
2993,stock_id=0,25179,0
2994,stock_id=0,25190,1
2995,stock_id=0,25197,1
2996,stock_id=0,25219,0
2997,stock_id=0,25220,0
2998,stock_id=0,25234,0
2999,stock_id=0,25250,0
3000,stock_id=0,25265,0
3001,stock_id=0,25270,0
3002,stock_id=0,25274,1
3003,stock_id=0,25277,0
3004,stock_id=0,25282,0
3005,stock_id=0,25290,0
3006,stock_id=0,25301,0
3007,stock_id=0,25309,0
3008,stock_id=0,25312,0
3009,stock_id=0,25318,0
3010,stock_id=0,25331,1
3011,stock_id=0,25334,1
3012,stock_id=0,25335,1
3013,stock_id=0,25338,0
3014,stock_id=0,25340,0
3015,stock_id=0,25344,0
3016,stock_id=0,25347,1
3017,stock_id=0,25351,0
3018,stock_id=0,25355,0
3019,stock_id=0,25357,0
3020,stock_id=0,25359,0
3021,stock_id=0,25367,1
3022,stock_id=0,25369,0
3023,stock_id=0,25389,0
3024,stock_id=0,25399,0
3025,stock_id=0,25403,0
3026,stock_id=0,25427,0
3027,stock_id=0,25429,0
3028,stock_id=0,25437,0
3029,stock_id=0,25439,1
3030,stock_id=0,25452,0
3031,stock_id=0,25463,0
3032,stock_id=0,25467,1
3033,stock_id=0,25474,0
3034,stock_id=0,25475,0
3035,stock_id=0,25483,1
3036,stock_id=0,25488,0
3037,stock_id=0,25489,0
3038,stock_id=0,25501,0
3039,stock_id=0,25504,0
3040,stock_id=0,25525,1
3041,stock_id=0,25551,0
3042,stock_id=0,25560,0
3043,stock_id=0,25569,0
3044,stock_id=0,25570,0
3045,stock_id=0,25575,0
3046,stock_id=0,25580,0
3047,stock_id=0,25583,0
3048,stock_id=0,25584,0
3049,stock_id=0,25599,0
3050,stock_id=0,25616,0
3051,stock_id=0,25617,0
3052,stock_id=0,25619,0
3053,stock_id=0,25622,1
3054,stock_id=0,25627,0
3055,stock_id=0,25636,1
3056,stock_id=0,25638,0
3057,stock_id=0,25639,0
3058,stock_id=0,25640,0
3059,stock_id=0,25641,1
3060,stock_id=0,25653,0
3061,stock_id=0,25654,0
3062,stock_id=0,25668,0
3063,stock_id=0,25680,0
3064,stock_id=0,25683,1
3065,stock_id=0,25687,1
3066,stock_id=0,25712,0
3067,stock_id=0,25713,0
3068,stock_id=0,25716,1
3069,stock_id=0,25730,1
3070,stock_id=0,25731,0
3071,stock_id=0,25745,1
3072,stock_id=0,25751,0
3073,stock_id=0,25754,0
3074,stock_id=0,25755,0
3075,stock_id=0,25761,1
3076,stock_id=0,25766,1
3077,stock_id=0,25772,1
3078,stock_id=0,25773,0
3079,stock_id=0,25796,0
3080,stock_id=0,25799,0
3081,stock_id=0,25803,0
3082,stock_id=0,25813,1
3083,stock_id=0,25815,0
3084,stock_id=0,25844,0
3085,stock_id=0,25854,0
3086,stock_id=0,25863,0
3087,stock_id=0,25864,1
3088,stock_id=0,25866,0
3089,stock_id=0,25876,0
3090,stock_id=0,25879,1
3091,stock_id=0,25894,0
3092,stock_id=0,25916,0
3093,stock_id=0,25918,0
3094,stock_id=0,25924,0
3095,stock_id=0,25971,1
3096,stock_id=0,25993,0
3097,stock_id=0,25999,0
3098,stock_id=0,26005,0
3099,stock_id=0,26020,0
3100,stock_id=0,26021,0
3101,stock_id=0,26024,1
3102,stock_id=0,26042,0
3103,stock_id=0,26052,0
3104,stock_id=0,26062,0
3105,stock_id=0,26069,0
3106,stock_id=0,26081,0
3107,stock_id=0,26082,0
3108,stock_id=0,26091,1
3109,stock_id=0,26099,1
3110,stock_id=0,26106,0
3111,stock_id=0,26107,1
3112,stock_id=0,26125,0
3113,stock_id=0,26147,0
3114,stock_id=0,26152,0
3115,stock_id=0,26155,0
3116,stock_id=0,26159,1
3117,stock_id=0,26168,0
3118,stock_id=0,26170,1
3119,stock_id=0,26186,1
3120,stock_id=0,26190,0
3121,stock_id=0,26191,1
3122,stock_id=0,26195,1
3123,stock_id=0,26197,1
3124,stock_id=0,26204,1
3125,stock_id=0,26208,0
3126,stock_id=0,26222,0
3127,stock_id=0,26250,0
3128,stock_id=0,26254,0
3129,stock_id=0,26273,0
3130,stock_id=0,26277,0
3131,stock_id=0,26292,0
3132,stock_id=0,26307,1
3133,stock_id=0,26308,1
3134,stock_id=0,26314,0
3135,stock_id=0,26317,0
3136,stock_id=0,26336,1
3137,stock_id=0,26337,1
3138,stock_id=0,26362,0
3139,stock_id=0,26366,0
3140,stock_id=0,26375,0
3141,stock_id=0,26387,0
3142,stock_id=0,26388,0
3143,stock_id=0,26400,1
3144,stock_id=0,26407,0
3145,stock_id=0,26410,0
3146,stock_id=0,26428,1
3147,stock_id=0,26430,0
3148,stock_id=0,26440,0
3149,stock_id=0,26447,0
3150,stock_id=0,26450,1
3151,stock_id=0,26455,0
3152,stock_id=0,26460,0
3153,stock_id=0,26471,0
3154,stock_id=0,26475,1
3155,stock_id=0,26484,0
3156,stock_id=0,26488,0
3157,stock_id=0,26494,0
3158,stock_id=0,26503,0
3159,stock_id=0,26522,1
3160,stock_id=0,26523,0
3161,stock_id=0,26538,0
3162,stock_id=0,26555,1
3163,stock_id=0,26561,0
3164,stock_id=0,26562,0
3165,stock_id=0,26568,1
3166,stock_id=0,26572,0
3167,stock_id=0,26578,1
3168,stock_id=0,26586,0
3169,stock_id=0,26595,0
3170,stock_id=0,26599,0
3171,stock_id=0,26603,0
3172,stock_id=0,26606,0
3173,stock_id=0,26607,0
3174,stock_id=0,26613,0
3175,stock_id=0,26672,0
3176,stock_id=0,26678,0
3177,stock_id=0,26693,0
3178,stock_id=0,26707,1
3179,stock_id=0,26708,0
3180,stock_id=0,26720,0
3181,stock_id=0,26752,0
3182,stock_id=0,26759,1
3183,stock_id=0,26763,0
3184,stock_id=0,26771,0
3185,stock_id=0,26786,1
3186,stock_id=0,26788,1
3187,stock_id=0,26798,0
3188,stock_id=0,26804,0
3189,stock_id=0,26806,0
3190,stock_id=0,26813,0
3191,stock_id=0,26830,1
3192,stock_id=0,26835,1
3193,stock_id=0,26837,0
3194,stock_id=0,26841,1
3195,stock_id=0,26844,1
3196,stock_id=0,26849,1
3197,stock_id=0,26862,0
3198,stock_id=0,26864,0
3199,stock_id=0,26868,0
3200,stock_id=0,26873,0
3201,stock_id=0,26874,0
3202,stock_id=0,26883,0
3203,stock_id=0,26886,0
3204,stock_id=0,26889,0
3205,stock_id=0,26891,0
3206,stock_id=0,26903,0
3207,stock_id=0,26905,1
3208,stock_id=0,26937,0
3209,stock_id=0,26938,0
3210,stock_id=0,26944,0
3211,stock_id=0,26955,1
3212,stock_id=0,26956,0
3213,stock_id=0,26973,1
3214,stock_id=0,26997,1
3215,stock_id=0,26999,0
3216,stock_id=0,27003,0
3217,stock_id=0,27012,1
3218,stock_id=0,27013,0
3219,stock_id=0,27014,0
3220,stock_id=0,27015,1
3221,stock_id=0,27019,0
3222,stock_id=0,27020,0
3223,stock_id=0,27037,1
3224,stock_id=0,27042,0
3225,stock_id=0,27060,0
3226,stock_id=0,27071,0
3227,stock_id=0,27092,1
3228,stock_id=0,27094,0
3229,stock_id=0,27095,0
3230,stock_id=0,27120,1
3231,stock_id=0,27127,0
3232,stock_id=0,27135,0
3233,stock_id=0,27149,1
3234,stock_id=0,27152,0
3235,stock_id=0,27153,0
3236,stock_id=0,27154,0
3237,stock_id=0,27158,0
3238,stock_id=0,27162,0
3239,stock_id=0,27168,1
3240,stock_id=0,27174,1
3241,stock_id=0,27178,0
3242,stock_id=0,27181,0
3243,stock_id=0,27182,1
3244,stock_id=0,27188,0
3245,stock_id=0,27194,0
3246,stock_id=0,27208,0
3247,stock_id=0,27215,1
3248,stock_id=0,27240,0
3249,stock_id=0,27246,0
3250,stock_id=0,27247,0
3251,stock_id=0,27270,1
3252,stock_id=0,27278,0
3253,stock_id=0,27288,1
3254,stock_id=0,27289,0
3255,stock_id=0,27304,0
3256,stock_id=0,27307,0
3257,stock_id=0,27313,1
3258,stock_id=0,27317,0
3259,stock_id=0,27339,0
3260,stock_id=0,27361,0
3261,stock_id=0,27363,0
3262,stock_id=0,27398,0
3263,stock_id=0,27403,1
3264,stock_id=0,27406,1
3265,stock_id=0,27416,1
3266,stock_id=0,27427,0
3267,stock_id=0,27457,0
3268,stock_id=0,27467,0
3269,stock_id=0,27469,0
3270,stock_id=0,27481,0
3271,stock_id=0,27487,0
3272,stock_id=0,27493,0
3273,stock_id=0,27496,0
3274,stock_id=0,27511,1
3275,stock_id=0,27514,0
3276,stock_id=0,27516,1
3277,stock_id=0,27524,1
3278,stock_id=0,27526,0
3279,stock_id=0,27527,0
3280,stock_id=0,27534,0
3281,stock_id=0,27543,0
3282,stock_id=0,27561,1
3283,stock_id=0,27569,0
3284,stock_id=0,27581,0
3285,stock_id=0,27585,0
3286,stock_id=0,27593,0
3287,stock_id=0,27595,1
3288,stock_id=0,27619,0
3289,stock_id=0,27622,0
3290,stock_id=0,27627,1
3291,stock_id=0,27664,0
3292,stock_id=0,27669,0
3293,stock_id=0,27711,1
3294,stock_id=0,27722,1
3295,stock_id=0,27752,1
3296,stock_id=0,27757,1
3297,stock_id=0,27771,0
3298,stock_id=0,27784,1
3299,stock_id=0,27788,1
3300,stock_id=0,27795,1
3301,stock_id=0,27799,0
3302,stock_id=0,27810,0
3303,stock_id=0,27815,0
3304,stock_id=0,27822,1
3305,stock_id=0,27828,1
3306,stock_id=0,27833,0
3307,stock_id=0,27837,1
3308,stock_id=0,27846,0
3309,stock_id=0,27851,0
3310,stock_id=0,27854,0
3311,stock_id=0,27857,0
3312,stock_id=0,27868,0
3313,stock_id=0,27875,0
3314,stock_id=0,27876,1
3315,stock_id=0,27886,0
3316,stock_id=0,27890,0
3317,stock_id=0,27891,0
3318,stock_id=0,27910,0
3319,stock_id=0,27919,0
3320,stock_id=0,27932,0
3321,stock_id=0,27939,0
3322,stock_id=0,27940,0
3323,stock_id=0,27956,1
3324,stock_id=0,27957,0
3325,stock_id=0,27962,0
3326,stock_id=0,27964,1
3327,stock_id=0,27970,1
3328,stock_id=0,27974,0
3329,stock_id=0,27977,0
3330,stock_id=0,27978,0
3331,stock_id=0,27981,0
3332,stock_id=0,27985,0
3333,stock_id=0,27989,0
3334,stock_id=0,27994,0
3335,stock_id=0,28002,0
3336,stock_id=0,28020,0
3337,stock_id=0,28022,0
3338,stock_id=0,28043,0
3339,stock_id=0,28066,0
3340,stock_id=0,28070,0
3341,stock_id=0,28078,0
3342,stock_id=0,28111,1
3343,stock_id=0,28121,0
3344,stock_id=0,28122,0
3345,stock_id=0,28126,0
3346,stock_id=0,28186,0
3347,stock_id=0,28190,0
3348,stock_id=0,28192,1
3349,stock_id=0,28200,0
3350,stock_id=0,28210,0
3351,stock_id=0,28217,1
3352,stock_id=0,28225,0
3353,stock_id=0,28244,0
3354,stock_id=0,28256,0
3355,stock_id=0,28262,0
3356,stock_id=0,28267,0
3357,stock_id=0,28292,0
3358,stock_id=0,28319,1
3359,stock_id=0,28323,0
3360,stock_id=0,28328,1
3361,stock_id=0,28342,0
3362,stock_id=0,28354,0
3363,stock_id=0,28371,0
3364,stock_id=0,28379,0
3365,stock_id=0,28380,0
3366,stock_id=0,28395,0
3367,stock_id=0,28401,0
3368,stock_id=0,28409,0
3369,stock_id=0,28422,0
3370,stock_id=0,28426,0
3371,stock_id=0,28429,0
3372,stock_id=0,28449,0
3373,stock_id=0,28474,0
3374,stock_id=0,28475,1
3375,stock_id=0,28484,0
3376,stock_id=0,28485,0
3377,stock_id=0,28499,1
3378,stock_id=0,28509,0
3379,stock_id=0,28512,0
3380,stock_id=0,28521,0
3381,stock_id=0,28527,1
3382,stock_id=0,28534,0
3383,stock_id=0,28539,0
3384,stock_id=0,28541,0
3385,stock_id=0,28563,1
3386,stock_id=0,28572,0
3387,stock_id=0,28596,0
3388,stock_id=0,28619,0
3389,stock_id=0,28625,1
3390,stock_id=0,28634,0
3391,stock_id=0,28635,0
3392,stock_id=0,28656,1
3393,stock_id=0,28670,0
3394,stock_id=0,28676,0
3395,stock_id=0,28697,0
3396,stock_id=0,28737,0
3397,stock_id=0,28745,1
3398,stock_id=0,28757,0
3399,stock_id=0,28761,0
3400,stock_id=0,28770,0
3401,stock_id=0,28775,0
3402,stock_id=0,28779,0
3403,stock_id=0,28801,1
3404,stock_id=0,28820,0
3405,stock_id=0,28832,0
3406,stock_id=0,28837,0
3407,stock_id=0,28838,0
3408,stock_id=0,28839,0
3409,stock_id=0,28841,0
3410,stock_id=0,28868,0
3411,stock_id=0,28877,0
3412,stock_id=0,28880,0
3413,stock_id=0,28881,0
3414,stock_id=0,28896,0
3415,stock_id=0,28898,0
3416,stock_id=0,28930,1
3417,stock_id=0,28932,0
3418,stock_id=0,28958,1
3419,stock_id=0,28959,0
3420,stock_id=0,28963,1
3421,stock_id=0,28969,0
3422,stock_id=0,28983,0
3423,stock_id=0,28992,0
3424,stock_id=0,28993,0
3425,stock_id=0,29003,0
3426,stock_id=0,29005,0
3427,stock_id=0,29012,1
3428,stock_id=0,29026,1
3429,stock_id=0,29037,0
3430,stock_id=0,29046,0
3431,stock_id=0,29048,0
3432,stock_id=0,29054,0
3433,stock_id=0,29064,1
3434,stock_id=0,29089,0
3435,stock_id=0,29106,0
3436,stock_id=0,29120,0
3437,stock_id=0,29138,0
3438,stock_id=0,29139,0
3439,stock_id=0,29145,0
3440,stock_id=0,29149,0
3441,stock_id=0,29150,1
3442,stock_id=0,29171,0
3443,stock_id=0,29219,0
3444,stock_id=0,29226,0
3445,stock_id=0,29228,1
3446,stock_id=0,29239,0
3447,stock_id=0,29240,1
3448,stock_id=0,29246,0
3449,stock_id=0,29252,1
3450,stock_id=0,29267,0
3451,stock_id=0,29271,1
3452,stock_id=0,29280,1
3453,stock_id=0,29296,0
3454,stock_id=0,29302,0
3455,stock_id=0,29316,0
3456,stock_id=0,29330,0
3457,stock_id=0,29336,1
3458,stock_id=0,29337,1
3459,stock_id=0,29362,0
3460,stock_id=0,29374,0
3461,stock_id=0,29375,0
3462,stock_id=0,29380,0
3463,stock_id=0,29429,0
3464,stock_id=0,29431,0
3465,stock_id=0,29441,0
3466,stock_id=0,29445,0
3467,stock_id=0,29448,0
3468,stock_id=0,29480,0
3469,stock_id=0,29494,1
3470,stock_id=0,29504,0
3471,stock_id=0,29507,0
3472,stock_id=0,29515,0
3473,stock_id=0,29517,0
3474,stock_id=0,29548,0
3475,stock_id=0,29554,0
3476,stock_id=0,29568,0
3477,stock_id=0,29570,0
3478,stock_id=0,29577,0
3479,stock_id=0,29583,1
3480,stock_id=0,29590,1
3481,stock_id=0,29592,0
3482,stock_id=0,29608,0
3483,stock_id=0,29614,0
3484,stock_id=0,29616,1
3485,stock_id=0,29634,0
3486,stock_id=0,29644,1
3487,stock_id=0,29649,0
3488,stock_id=0,29656,1
3489,stock_id=0,29664,0
3490,stock_id=0,29672,1
3491,stock_id=0,29676,0
3492,stock_id=0,29679,0
3493,stock_id=0,29692,0
3494,stock_id=0,29716,0
3495,stock_id=0,29740,0
3496,stock_id=0,29746,0
3497,stock_id=0,29761,1
3498,stock_id=0,29775,0
3499,stock_id=0,29786,0
3500,stock_id=0,29791,0
3501,stock_id=0,29793,0
3502,stock_id=0,29802,1
3503,stock_id=0,29819,1
3504,stock_id=0,29823,1
3505,stock_id=0,29824,0
3506,stock_id=0,29828,0
3507,stock_id=0,29842,1
3508,stock_id=0,29850,0
3509,stock_id=0,29853,0
3510,stock_id=0,29871,0
3511,stock_id=0,29872,0
3512,stock_id=0,29875,0
3513,stock_id=0,29880,0
3514,stock_id=0,29885,0
3515,stock_id=0,29889,0
3516,stock_id=0,29906,0
3517,stock_id=0,29930,1
3518,stock_id=0,29932,1
3519,stock_id=0,29941,0
3520,stock_id=0,29943,1
3521,stock_id=0,29944,0
3522,stock_id=0,29947,0
3523,stock_id=0,29965,0
3524,stock_id=0,29972,0
3525,stock_id=0,29974,1
3526,stock_id=0,29990,0
3527,stock_id=0,29997,0
3528,stock_id=0,30013,0
3529,stock_id=0,30023,0
3530,stock_id=0,30040,0
3531,stock_id=0,30050,0
3532,stock_id=0,30063,0
3533,stock_id=0,30078,0
3534,stock_id=0,30103,1
3535,stock_id=0,30106,1
3536,stock_id=0,30125,0
3537,stock_id=0,30128,0
3538,stock_id=0,30134,0
3539,stock_id=0,30169,0
3540,stock_id=0,30177,0
3541,stock_id=0,30183,1
3542,stock_id=0,30208,0
3543,stock_id=0,30210,0
3544,stock_id=0,30212,0
3545,stock_id=0,30215,1
3546,stock_id=0,30224,0
3547,stock_id=0,30225,1
3548,stock_id=0,30232,0
3549,stock_id=0,30244,0
3550,stock_id=0,30250,0
3551,stock_id=0,30256,1
3552,stock_id=0,30272,0
3553,stock_id=0,30276,0
3554,stock_id=0,30279,0
3555,stock_id=0,30303,0
3556,stock_id=0,30304,0
3557,stock_id=0,30312,0
3558,stock_id=0,30313,1
3559,stock_id=0,30325,0
3560,stock_id=0,30327,1
3561,stock_id=0,30328,0
3562,stock_id=0,30334,0
3563,stock_id=0,30339,0
3564,stock_id=0,30341,0
3565,stock_id=0,30350,0
3566,stock_id=0,30357,0
3567,stock_id=0,30366,0
3568,stock_id=0,30370,0
3569,stock_id=0,30376,0
3570,stock_id=0,30379,0
3571,stock_id=0,30383,0
3572,stock_id=0,30384,0
3573,stock_id=0,30405,1
3574,stock_id=0,30412,0
3575,stock_id=0,30416,0
3576,stock_id=0,30430,0
3577,stock_id=0,30443,1
3578,stock_id=0,30454,0
3579,stock_id=0,30456,0
3580,stock_id=0,30471,0
3581,stock_id=0,30474,1
3582,stock_id=0,30492,0
3583,stock_id=0,30494,0
3584,stock_id=0,30498,0
3585,stock_id=0,30512,0
3586,stock_id=0,30521,0
3587,stock_id=0,30527,0
3588,stock_id=0,30547,0
3589,stock_id=0,30569,0
3590,stock_id=0,30585,0
3591,stock_id=0,30597,0
3592,stock_id=0,30598,0
3593,stock_id=0,30604,0
3594,stock_id=0,30609,0
3595,stock_id=0,30620,0
3596,stock_id=0,30624,0
3597,stock_id=0,30638,0
3598,stock_id=0,30641,0
3599,stock_id=0,30657,1
3600,stock_id=0,30658,0
3601,stock_id=0,30692,0
3602,stock_id=0,30700,1
3603,stock_id=0,30720,0
3604,stock_id=0,30729,1
3605,stock_id=0,30730,0
3606,stock_id=0,30733,0
3607,stock_id=0,30748,0
3608,stock_id=0,30750,0
3609,stock_id=0,30774,0
3610,stock_id=0,30789,0
3611,stock_id=0,30790,1
3612,stock_id=0,30791,0
3613,stock_id=0,30793,0
3614,stock_id=0,30794,0
3615,stock_id=0,30798,0
3616,stock_id=0,30803,1
3617,stock_id=0,30805,1
3618,stock_id=0,30816,1
3619,stock_id=0,30824,0
3620,stock_id=0,30852,0
3621,stock_id=0,30866,1
3622,stock_id=0,30896,1
3623,stock_id=0,30908,0
3624,stock_id=0,30940,0
3625,stock_id=0,30965,0
3626,stock_id=0,30974,1
3627,stock_id=0,30986,1
3628,stock_id=0,30987,0
3629,stock_id=0,30999,0
3630,stock_id=0,31004,1
3631,stock_id=0,31018,0
3632,stock_id=0,31024,1
3633,stock_id=0,31034,0
3634,stock_id=0,31046,0
3635,stock_id=0,31047,1
3636,stock_id=0,31054,1
3637,stock_id=0,31055,0
3638,stock_id=0,31059,0
3639,stock_id=0,31060,1
3640,stock_id=0,31068,0
3641,stock_id=0,31071,1
3642,stock_id=0,31077,1
3643,stock_id=0,31083,0
3644,stock_id=0,31097,1
3645,stock_id=0,31113,1
3646,stock_id=0,31119,0
3647,stock_id=0,31133,0
3648,stock_id=0,31138,1
3649,stock_id=0,31144,0
3650,stock_id=0,31155,1
3651,stock_id=0,31156,0
3652,stock_id=0,31157,0
3653,stock_id=0,31170,0
3654,stock_id=0,31173,1
3655,stock_id=0,31193,0
3656,stock_id=0,31196,0
3657,stock_id=0,31202,1
3658,stock_id=0,31209,0
3659,stock_id=0,31214,1
3660,stock_id=0,31236,0
3661,stock_id=0,31242,1
3662,stock_id=0,31251,0
3663,stock_id=0,31254,1
3664,stock_id=0,31258,1
3665,stock_id=0,31266,0
3666,stock_id=0,31267,0
3667,stock_id=0,31269,0
3668,stock_id=0,31279,0
3669,stock_id=0,31298,0
3670,stock_id=0,31302,0
3671,stock_id=0,31303,0
3672,stock_id=0,31306,0
3673,stock_id=0,31320,0
3674,stock_id=0,31322,0
3675,stock_id=0,31324,0
3676,stock_id=0,31327,1
3677,stock_id=0,31331,1
3678,stock_id=0,31337,0
3679,stock_id=0,31338,0
3680,stock_id=0,31345,1
3681,stock_id=0,31347,0
3682,stock_id=0,31348,1
3683,stock_id=0,31351,0
3684,stock_id=0,31359,0
3685,stock_id=0,31380,0
3686,stock_id=0,31389,0
3687,stock_id=0,31394,1
3688,stock_id=0,31402,0
3689,stock_id=0,31404,0
3690,stock_id=0,31406,0
3691,stock_id=0,31412,0
3692,stock_id=0,31415,1
3693,stock_id=0,31433,1
3694,stock_id=0,31434,0
3695,stock_id=0,31439,0
3696,stock_id=0,31443,0
3697,stock_id=0,31456,0
3698,stock_id=0,31462,1
3699,stock_id=0,31463,0
3700,stock_id=0,31471,1
3701,stock_id=0,31482,0
3702,stock_id=0,31497,0
3703,stock_id=0,31522,0
3704,stock_id=0,31527,1
3705,stock_id=0,31528,0
3706,stock_id=0,31554,0
3707,stock_id=0,31570,0
3708,stock_id=0,31572,0
3709,stock_id=0,31587,0
3710,stock_id=0,31595,0
3711,stock_id=0,31601,0
3712,stock_id=0,31609,0
3713,stock_id=0,31616,0
3714,stock_id=0,31627,0
3715,stock_id=0,31653,0
3716,stock_id=0,31656,1
3717,stock_id=0,31671,0
3718,stock_id=0,31689,1
3719,stock_id=0,31701,1
3720,stock_id=0,31714,0
3721,stock_id=0,31719,0
3722,stock_id=0,31733,0
3723,stock_id=0,31736,0
3724,stock_id=0,31750,0
3725,stock_id=0,31789,0
3726,stock_id=0,31814,0
3727,stock_id=0,31819,1
3728,stock_id=0,31836,0
3729,stock_id=0,31854,0
3730,stock_id=0,31861,0
3731,stock_id=0,31864,0
3732,stock_id=0,31874,0
3733,stock_id=0,31883,0
3734,stock_id=0,31914,0
3735,stock_id=0,31934,1
3736,stock_id=0,31941,0
3737,stock_id=0,31944,1
3738,stock_id=0,31949,0
3739,stock_id=0,31970,0
3740,stock_id=0,31984,1
3741,stock_id=0,32009,0
3742,stock_id=0,32012,1
3743,stock_id=0,32017,0
3744,stock_id=0,32033,1
3745,stock_id=0,32038,1
3746,stock_id=0,32046,0
3747,stock_id=0,32048,0
3748,stock_id=0,32053,1
3749,stock_id=0,32081,0
3750,stock_id=0,32082,0
3751,stock_id=0,32083,0
3752,stock_id=0,32108,1
3753,stock_id=0,32109,1
3754,stock_id=0,32119,1
3755,stock_id=0,32126,0
3756,stock_id=0,32131,1
3757,stock_id=0,32134,0
3758,stock_id=0,32155,0
3759,stock_id=0,32173,0
3760,stock_id=0,32174,0
3761,stock_id=0,32175,0
3762,stock_id=0,32182,1
3763,stock_id=0,32186,0
3764,stock_id=0,32195,0
3765,stock_id=0,32200,0
3766,stock_id=0,32205,1
3767,stock_id=0,32209,0
3768,stock_id=0,32219,0
3769,stock_id=0,32235,1
3770,stock_id=0,32240,0
3771,stock_id=0,32245,0
3772,stock_id=0,32247,0
3773,stock_id=0,32249,0
3774,stock_id=0,32254,0
3775,stock_id=0,32255,0
3776,stock_id=0,32277,0
3777,stock_id=0,32280,1
3778,stock_id=0,32299,0
3779,stock_id=0,32322,1
3780,stock_id=0,32328,0
3781,stock_id=0,32330,1
3782,stock_id=0,32342,0
3783,stock_id=0,32352,0
3784,stock_id=0,32361,0
3785,stock_id=0,32374,1
3786,stock_id=0,32376,0
3787,stock_id=0,32433,0
3788,stock_id=0,32452,1
3789,stock_id=0,32461,0
3790,stock_id=0,32463,0
3791,stock_id=0,32466,0
3792,stock_id=0,32470,0
3793,stock_id=0,32473,0
3794,stock_id=0,32474,0
3795,stock_id=0,32534,0
3796,stock_id=0,32547,1
3797,stock_id=0,32590,1
3798,stock_id=0,32596,0
3799,stock_id=0,32597,0
3800,stock_id=0,32611,0
3801,stock_id=0,32614,0
3802,stock_id=0,32631,0
3803,stock_id=0,32635,1
3804,stock_id=0,32639,0
3805,stock_id=0,32646,0
3806,stock_id=0,32649,1
3807,stock_id=0,32653,1
3808,stock_id=0,32654,0
3809,stock_id=0,32662,1
3810,stock_id=0,32676,0
3811,stock_id=0,32680,0
3812,stock_id=0,32686,0
3813,stock_id=0,32690,1
3814,stock_id=0,32692,0
3815,stock_id=0,32693,0
3816,stock_id=0,32704,0
3817,stock_id=0,32709,0
3818,stock_id=0,32712,0
3819,stock_id=0,32724,0
3820,stock_id=0,32736,1
3821,stock_id=0,32739,0
3822,stock_id=0,32746,0
3823,stock_id=0,32748,0
3824,stock_id=0,32750,1
3825,stock_id=0,32751,0
3826,stock_id=0,32753,1
3827,stock_id=0,32758,1
3828,stock_id=0,32763,0
3829,stock_id=0,32767,1
